#,X,Y,Z,A,B,C,code rameau,type rameau,Long rameau(mm),Long rameau(cm),Nbr feuille,L feuille(mm),largeur feuille,N° fruit,L digitalisée,Surf foliaire(cm²),somme surf foliaire rameau
1,144.43,31.93,-195.81,-120.49,68.25,-18.75,F36I1,I,6.0,0.60,3,,,,0.57,,10.429965
1,144.54,32.04,-195.26,-125.69,70.54,-24.0,F36I1,,, ,,,,, ,,
1,144.69,32.25,-197.19,-54.25,26.0,28.57,F36I2,I,6.0,0.60,2,,,,0.73,,11.513502
1,145.33,32.55,-196.99,-53.2,25.53,29.45,F36I2,,, ,,,,, ,,
1,145.79,32.63,-196.35,-58.32,73.58,81.89,F36PC1,PC,8.0,0.80,4,,,,0.72,,48.302163
1,146.47,32.76,-196.53,-97.37,57.39,52.42,F36PC1,,, ,,,,, ,,
1,145.68,31.39,-196.82,-145.17,12.37,18.31,F36PC2,PC,8.0,0.80,4,,,,0.84,,62.542935
1,145.98,32.02,-197.28,-145.35,14.27,20.47,F36PC2,,, ,,,,, ,,
1,129.73,34.67,-197.23,-143.35,34.31,39.92,F36I3,I,2.0,0.20,3,,,,0.32,,10.717434
1,129.58,34.75,-197.5,-143.48,35.42,36.6,F36I3,,, ,,,,, ,,
1,127.76,41.85,-194.84,166.29,46.62,-22.89,F36VC1,VC,4.0,0.40,3,,,,0.54,,22.754277
1,128.02,42.28,-195.05,165.17,47.6,-24.3,F36VC1,,, ,,,,, ,,
1,127.4,42.69,-194.19,-112.74,77.57,36.6,F36VC2,VC,5.0,0.50,3,,,,0.56,,33.936084
1,127.87,42.99,-194.17,-114.95,78.28,33.57,F36VC2,,, ,,,,, ,,
1,126.66,44.11,-194.29,-157.63,34.59,10.18,F36IF1,IF,6.0,0.60,2,,,1,0.52,,4.57002
1,126.43,44.46,-193.99,-164.34,29.28,16.71,F36IF1,,, ,,,,, ,,
1,142.09,50.33,-170.37,152.98,48.11,-62.96,F36VC3,VC,7.0,0.70,3,,,,0.80,,31.370976
1,142.26,51.1,-170.26,150.07,48.5,-63.85,F36VC3,,, ,,,,, ,,
1,141.95,51.13,-170.76,168.87,22.18,-60.31,F36I4,I,5.0,0.50,5,,,,0.52,,18.117918
1,142.08,51.6,-170.95,167.25,22.96,-58.54,F36I4,,, ,,,,, ,,
1,146.42,49.57,-166.45,-122.33,49.83,34.13,F36I5,I,3.0,0.30,5,,,,0.21,,6.398028
1,146.63,49.59,-166.48,-121.67,50.58,34.1,F36I5,,, ,,,,, ,,
1,148.77,50.28,-156.15,135.42,-52.95,-28.49,F36IF2,IF,8.0,0.80,5,,,"2,3",0.86,,16.968042
1,149.45,50.75,-155.91,132.09,-52.65,-27.12,F36IF2,,, ,,,,, ,,
1,148.25,51.37,-156.05,40.01,-1.02,83.21,F36PC3,PC,6.0,0.60,4,,,,0.67,,124.975305
1,148.13,51.62,-155.44,40.83,-0.94,83.64,F36PC3,,, ,,,,, ,,
1,150.51,46.63,-155.22,57.33,4.95,-56.07,F36VC4,VC,4.0,0.40,5,,,,0.41,,26.948376
1,150.88,46.57,-155.39,56.89,4.9,-56.93,F36VC4,,, ,,,,, ,,
1,150.07,46.66,-146.15,110.71,11.68,-30.01,F36VC5,VC,6.0,0.60,4,,,,0.59,,31.223556
1,150.15,46.56,-145.57,110.82,11.13,-28.5,F36VC5,,, ,,,,, ,,
1,151.77,49.03,-144.25,-88.32,12.15,31.89,F36I6,I,4.0,0.40,4,,,,0.38,,11.506131
1,152.07,48.97,-144.02,-87.68,12.0,32.35,F36I6,,, ,,,,, ,,
1,152.66,45.63,-139.98,-114.25,-1.14,56.37,F36IF3,IF,6.0,0.60,4,,,4,0.57,,14.756742
1,153.0,45.46,-139.56,-112.85,-2.44,55.85,F36IF3,,, ,,,,, ,,
1,126.83,50.28,-164.91,-161.19,-24.04,-108.95,F36I7,I,2.0,0.20,4,,,,0.33,,9.87714
1,126.69,50.39,-164.63,-162.79,-24.16,-107.91,F36I7,,, ,,,,, ,,
1,129.58,50.6,-161.86,163.28,63.47,-57.2,F36VC6,VC,2.0,0.20,1,,,,0.23,,3.567564
1,129.77,50.48,-161.83,164.69,64.03,-55.1,F36VC6,,, ,,,,, ,,
1,129.07,55.9,-160.09,158.81,14.43,-66.04,F36IF4,IF,5.0,0.50,3,,,5,0.44,,7.724808
1,129.24,56.29,-160.22,157.4,15.93,-61.48,F36IF4,,, ,,,,, ,,
1,127.85,56.06,-159.87,156.57,4.98,-73.54,F36PC4,PC,4.0,0.40,1,,,,0.36,,6.014736
1,128.05,56.17,-160.15,154.8,6.79,-72.09,F36PC4,,, ,,,,, ,,
1,127.11,56.41,-160.25,-165.89,-22.76,-67.22,F36PC5,PC,5.0,0.50,4,,,,0.59,,105.302106
1,126.68,56.76,-160.05,-177.3,-20.77,-61.0,F36PC5,,, ,,,,, ,,
1,125.82,54.72,-156.06,-85.19,35.23,1.59,F36I8,I,3.0,0.30,5,,,,0.35,,12.744459
1,125.48,54.68,-156.12,-86.04,35.48,0.55,F36I8,,, ,,,,, ,,
1,133.19,54.43,-147.27,-142.33,48.34,22.91,F36I9,I,2.0,0.20,3,,,,0.17,,8.321859
1,133.23,54.27,-147.31,-141.89,49.39,22.55,F36I9,,, ,,,,, ,,
1,134.44,53.88,-142.76,-139.94,33.49,35.29,F36VC7,VC,3.0,0.30,2,,,,0.40,,6.604416
1,134.63,53.53,-142.74,-138.81,33.53,36.23,F36VC7,,, ,,,,, ,,
1,134.59,53.81,-140.88,143.9,8.3,7.38,F36IF5,IF,7.0,0.70,4,,,9,0.74,,22.393098
1,134.55,53.74,-140.14,143.62,7.33,6.92,F36IF5,,, ,,,,, ,,
1,133.72,54.26,-140.51,-70.62,12.58,22.58,F36PL1,PL,64.0,6.40,4,,,RC8OMBRE,6.19,,145.149732
1,130.93,56.06,-135.28,-89.77,30.08,19.81,F36PL1,,, ,,,,, ,,
1,126.07,54.06,-148.92,-142.02,-9.86,58.12,F36IF6,IF,5.0,0.50,4,,,6,0.57,,13.41522
1,125.88,54.6,-148.91,-147.25,-11.78,58.03,F36IF6,,, ,,,,, ,,
1,126.5,54.05,-148.5,37.06,-87.0,77.89,F36PC6,PC,3.0,0.30,2,,,,0.23,,37.628955
1,126.38,54.07,-148.31,33.45,-88.02,81.33,F36PC6,,, ,,,,, ,,
1,127.27,53.06,-146.18,-157.94,37.97,-51.67,F36VC8,VC,2.0,0.20,2,,,,0.28,,5.255523
1,127.48,52.88,-146.14,-157.39,38.12,-51.87,F36VC8,,, ,,,,, ,,
1,129.3,51.12,-141.41,-153.76,1.67,83.89,F36VC9,VC,5.0,0.50,4,,,,0.52,,33.810777
1,129.49,50.79,-141.06,-152.93,2.38,81.74,F36VC9,,, ,,,,, ,,
1,129.09,52.32,-139.28,-129.54,32.22,4.16,F36IF7,IF,6.0,0.60,3,,,7,0.65,,8.270262
1,128.58,52.29,-138.88,-129.71,25.27,6.81,F36IF7,,, ,,,,, ,,
1,121.4,56.93,-136.03,-91.92,6.1,-71.81,F36VC10,VC,7.0,0.70,6,,,,0.66,,57.088395
1,120.75,56.86,-136.15,-93.55,6.78,-70.96,F36VC10,,, ,,,,, ,,
1,122.3,57.04,-133.46,62.59,1.35,-8.08,F36IF8,IF,7.0,0.70,1,,,8,0.70,,3.6855
1,122.6,57.33,-132.9,63.79,2.15,-9.02,F36IF8,,, ,,,,, ,,
1,122.02,56.88,-133.01,106.72,1.83,-14.96,F36PC7,PC,16.0,1.60,3,,,RC7OMBRE,1.52,,76.370931
1,122.75,56.85,-131.68,108.51,-1.89,-12.77,F36PC7,,, ,,,,, ,,
1,115.01,35.79,-186.19,-159.06,46.94,27.05,F36VC11,VC,5.0,0.50,4,,,,0.44,,47.041722
1,114.86,35.52,-186.51,-157.93,47.99,28.14,F36VC11,,, ,,,,, ,,
1,114.56,33.28,-184.51,-162.09,26.5,-15.85,F36IF9,IF,5.0,0.50,3,,,10,0.44,,8.307117
1,114.44,33.18,-184.1,-159.68,25.85,-13.38,F36IF9,,, ,,,,, ,,
1,113.41,41.04,-189.78,-162.67,26.57,-36.04,F36IF10,IF,5.0,0.50,4,,,11,0.65,,21.52332
1,113.55,40.49,-190.09,-154.68,27.18,-14.42,F36IF10,,, ,,,,, ,,
1,114.34,40.68,-189.67,141.53,-13.99,-33.75,F36PL2,PL,300.0,30.00,15,,,,29.96,,328.997214
1,105.34,55.78,-213.93,169.84,31.88,-29.61,F36PL2,,, ,,,,, ,,
1,108.79,49.85,-182.72,-151.07,-47.35,-54.07,F36I10,I,6.0,0.60,4,,,,0.52,,18.4275
1,108.33,49.71,-182.91,-153.8,-46.08,-48.98,F36I10,,, ,,,,, ,,
1,107.3,49.4,-184.99,-3.56,27.84,-25.47,F36PC8,PC,7.0,0.70,4,,,,0.61,,86.026941
1,107.13,49.93,-185.25,-1.66,29.39,-23.84,F36PC8,,, ,,,,, ,,
1,102.54,51.25,-177.59,-133.92,22.22,-80.53,F36VC12,VC,5.0,0.50,3,,,,0.55,,47.98521
1,102.04,51.32,-177.36,-134.91,20.9,-81.6,F36VC12,,, ,,,,, ,,
1,99.28,51.48,-173.66,-102.96,-8.69,-68.28,F36VC13,VC,4.0,0.40,3,,,,0.43,,21.257964
1,98.91,51.26,-173.66,-103.25,-7.4,-63.99,F36VC13,,, ,,,,, ,,
1,99.68,53.14,-171.82,-78.36,29.03,-0.69,F36I11,I,3.0,0.30,5,,,,0.41,,11.94102
1,99.82,53.17,-171.44,-78.38,28.29,0.37,F36I11,,, ,,,,, ,,
1,98.56,52.89,-166.1,6.88,-6.78,12.54,F36IF11,IF,6.0,0.60,6,,,16,0.65,,28.857465
1,98.2,52.9,-165.56,7.79,-9.79,12.57,F36IF11,,, ,,,,, ,,
1,98.83,52.64,-165.51,-74.06,23.74,-4.07,F36PL3,PL,132.0,13.20,8,,,,13.16,,214.636149
1,97.92,60.53,-155.02,-82.33,19.3,-16.14,F36PL3,,, ,,,,, ,,
1,109.35,60.64,-172.06,-148.64,24.16,-18.64,F36PL4,PL,227.0,22.70,11,,,,22.38,,268.960419
1,114.68,72.72,-153.99,-145.96,22.5,1.63,F36PL4,,, ,,,,, ,,
1,104.92,32.59,-175.78,-122.39,-36.68,-86.67,F36IF12,IF,5.0,0.50,4,,,12,0.45,,16.761654
1,104.5,32.49,-175.67,-123.62,-36.94,-86.31,F36IF12,,, ,,,,, ,,
1,104.54,31.87,-175.35,-28.78,0.47,15.77,F36PC9,PC,6.0,0.60,4,,,,0.47,,107.719794
1,104.43,31.88,-174.89,-18.39,-12.47,27.96,F36PC9,,, ,,,,, ,,
1,104.84,31.65,-170.97,-115.65,70.96,-90.14,F36VC14,VC,2.0,0.20,2,,,,0.23,,15.25797
1,104.64,31.76,-170.94,-121.71,70.56,-95.82,F36VC14,,, ,,,,, ,,
1,105.78,31.19,-169.57,-66.99,76.25,13.33,F36IF13,IF,6.0,0.60,4,,,13,0.68,,11.771487
1,105.99,31.14,-168.93,-83.11,74.52,-4.65,F36IF13,,, ,,,,, ,,
1,105.88,31.35,-169.3,-37.87,78.24,49.02,F36PC10,PC,38.0,3.80,5,,,,3.85,,108.162054
1,109.16,30.92,-167.34,-36.66,76.06,48.58,F36PC10,,, ,,,,, ,,
1,94.41,43.68,-163.3,-121.07,59.37,-27.6,F36VC15,VC,6.0,0.60,3,,,,0.63,,42.368508
1,94.4,44.25,-163.57,-127.0,59.62,-31.69,F36VC15,,, ,,,,, ,,
1,92.98,45.35,-158.6,-108.42,9.16,-141.75,F36I13,I,2.0,0.20,4,,,,0.28,,11.307114
1,93.04,45.21,-158.36,-109.64,8.15,-140.06,F36I13,,, ,,,,, ,,
1,94.4,46.52,-155.75,-66.09,49.82,71.33,F36I14,I,1.0,0.10,3,,,,0.18,,7.017192
1,94.54,46.42,-155.7,-66.2,50.45,70.95,F36I14,,, ,,,,, ,,
1,93.56,46.18,-152.95,-16.12,-1.02,-12.36,F36IF14,IF,10.0,1.00,7,,,14BIS,1.05,,43.459416
1,93.67,46.78,-152.09,-14.45,-0.29,-15.0,F36IF14,,, ,,,,, ,,
1,93.81,46.92,-152.4,-170.79,24.31,-45.49,F36PL5,PL,70.0,7.00,6,,,,6.91,,100.46673
1,91.4,45.28,-146.13,13.37,79.68,154.46,F36PL5,,, ,,,,, ,,
1,90.27,35.77,-154.14,-164.42,20.61,-97.17,F36I15,I,2.0,0.20,3,,,,0.27,,10.009818
1,90.13,35.72,-153.92,-164.8,20.58,-96.94,F36I15,,, ,,,,, ,,
1,91.81,36.56,-147.29,-179.7,-44.0,-60.96,F36VC16,VC,2.0,0.20,3,,,,0.21,,12.906621
1,91.61,36.6,-147.26,-179.89,-44.3,-60.94,F36VC16,,, ,,,,, ,,
1,94.67,37.97,-143.81,159.01,-32.11,-12.52,F36IF15,IF,7.0,0.70,6,,,14,0.76,,31.054023
1,95.29,38.11,-143.39,159.63,-34.55,-12.03,F36IF15,,, ,,,,, ,,
1,94.94,38.07,-143.79,-173.25,-22.31,17.82,F36PC11,PC,11.0,1.10,5,,,,1.27,,125.808228
1,95.75,38.29,-142.84,-174.19,-29.66,17.06,F36PC11,,, ,,,,, ,,
1,89.38,40.85,-137.89,-33.49,-23.21,-4.21,F36IF16,IF,8.0,0.80,4,,,15,0.72,,23.410296
1,88.92,40.94,-137.34,-32.3,-25.05,-4.27,F36IF16,,, ,,,,, ,,
1,90.25,40.91,-136.5,-116.95,-60.95,-137.49,F36PC12,PC,13.0,1.30,5,,,,1.31,,169.547742
1,89.94,41.97,-135.79,-13.52,-85.47,99.14,F36PC12,,, ,,,,, ,,
1,92.23,36.33,-124.81,-100.67,40.04,68.44,F36I16,I,3.0,0.30,6,,,,0.33,,22.621599
1,92.55,36.34,-124.89,-99.6,40.03,69.46,F36I16,,, ,,,,, ,,
1,89.95,35.16,-122.24,-60.89,42.68,11.15,F36I17,I,3.0,0.30,4,,,,0.24,,13.673205
1,89.9,35.2,-122.01,-61.41,42.11,12.33,F36I17,,, ,,,,, ,,
1,88.61,39.45,-113.24,-102.29,-9.71,-92.52,F36I18,I,3.0,0.30,4,,,,0.30,,14.041755
1,88.32,39.41,-113.18,-103.98,-10.08,-91.93,F36I18,,, ,,,,, ,,
1,89.26,39.85,-112.77,-87.22,-0.58,-82.39,F36PC13,PC,1.0,0.10,2,,,,0.11,,13.393107
1,89.18,39.86,-112.85,-87.62,-0.11,-82.64,F36PC13,,, ,,,,, ,,
1,89.46,42.15,-108.91,-166.5,-1.94,-79.79,F36I19,I,3.0,0.30,4,,,,0.27,,13.592124
1,89.37,42.4,-108.97,-167.29,-1.14,-76.72,F36I19,,, ,,,,, ,,
1,89.45,42.09,-109.27,-154.02,6.91,-86.84,F36PC14,PC,6.0,0.60,3,,,,0.55,,27.398007
1,89.18,42.57,-109.27,-155.54,7.44,-85.07,F36PC14,,, ,,,,, ,,
1,89.29,45.97,-107.82,170.39,-14.03,-7.57,F36VC17,VC,8.0,0.80,4,,,,0.72,,37.230921
1,89.05,46.63,-107.98,-165.25,-16.09,17.76,F36VC17,,, ,,,,, ,,
1,89.89,47.23,-108.36,-59.0,5.89,-46.3,F36VC18,VC,5.0,0.50,4,,,,0.51,,37.916424
1,90.08,47.63,-108.11,-57.27,6.06,-43.59,F36VC18,,, ,,,,, ,,
1,90.21,48.41,-107.6,-168.24,-21.14,14.37,F36VC19,VC,4.0,0.40,2,,,,0.41,,9.95085
1,90.56,48.62,-107.62,-168.44,-21.99,14.35,F36VC19,,, ,,,,, ,,
1,91.77,50.66,-107.92,-131.59,0.37,-23.2,F36VC20,VC,6.0,0.60,4,,,,0.68,,66.604356
1,92.35,51.01,-107.82,-131.16,0.6,-22.6,F36VC20,,, ,,,,, ,,
1,91.01,51.04,-107.2,-125.23,-28.68,36.87,F36I20,I,6.0,0.60,6,,,,0.60,,18.847647
1,91.06,51.59,-107.43,-124.99,-30.15,38.16,F36I20,,, ,,,,, ,,
1,117.18,59.59,-181.98,-109.23,26.09,-10.95,F36IF17,IF,8.0,0.80,4,,,18,0.79,,12.906621
1,117.13,59.8,-182.74,-109.48,27.71,-10.53,F36IF17,,, ,,,,, ,,
1,116.78,59.24,-182.35,-114.01,31.41,-94.88,F36PC15,PC,10.0,1.00,2,,,,1.04,,31.076136
1,116.1,59.93,-182.72,-118.51,33.46,-95.97,F36PC15,,, ,,,,, ,,
1,111.32,63.04,-179.28,-128.33,26.17,-67.76,F36I21,I,4.0,0.40,5,,,,0.39,,10.83537
1,111.22,63.35,-179.5,-130.19,26.95,-67.72,F36I21,,, ,,,,, ,,
1,111.24,63.21,-179.28,-141.52,23.7,-99.41,F36PC16,+RC*,8.0,0.80,1,,,,0.85,,3.582306
1,110.59,63.75,-179.3,-144.73,24.23,-99.16,F36PC16,,, ,,,,, ,,
1,104.25,72.3,-171.57,-169.28,5.19,-81.6,F36I22,I,5.0,0.50,4,,,,0.40,,7.260435
1,104.01,72.59,-171.44,-169.09,6.14,-80.63,F36I22,,, ,,,,, ,,
1,103.9,72.99,-171.13,-159.43,-0.91,-0.71,F36PC17,PC,16.0,1.60,6,,,,1.34,,119.992509
1,103.71,73.12,-172.45,-160.07,-0.24,-2.83,F36PC17,,, ,,,,, ,,
1,104.88,74.47,-167.64,-116.29,40.54,-12.31,F36I23,I,1.0,0.10,2,,,,0.10,,5.329233
1,104.81,74.54,-167.66,-114.48,40.07,-6.67,F36I23,,, ,,,,, ,,
1,102.05,76.71,-166.9,-136.29,-32.89,-89.34,F36I24,I,5.0,0.50,3,,,,0.45,,7.29729
1,101.85,77.07,-166.71,-141.39,-33.38,-87.07,F36I24,,, ,,,,, ,,
1,102.34,77.57,-166.62,-164.88,-43.31,-77.59,F36PC18,PC,10.0,1.00,3,,,,1.14,,61.614189
1,101.29,77.69,-167.06,-113.91,-28.31,-106.35,F36PC18,,, ,,,,, ,,
1,103.78,79.03,-165.2,-75.02,16.97,75.99,F36I25,I,4.0,0.40,4,,,,0.40,,11.579841
1,104.09,79.25,-165.07,-73.64,16.92,76.59,F36I25,,, ,,,,, ,,
1,101.82,80.11,-164.61,-161.35,42.75,4.68,F36I26,I,4.0,0.40,4,,,,0.40,,11.063871
1,101.6,80.41,-164.45,-160.58,40.3,6.02,F36I26,,, ,,,,, ,,
1,100.96,80.02,-164.54,-168.94,64.97,-150.56,F36PC19,PC,8.0,0.80,4,,,,0.80,,73.481499
1,100.21,80.23,-164.34,-171.77,62.66,-153.52,F36PC19,,, ,,,,, ,,
1,101.59,85.9,-161.82,162.94,-19.54,-75.09,F36I27,I,3.0,0.30,4,,,,0.27,,14.579838
1,101.58,86.16,-161.88,163.27,-21.36,-77.71,F36I27,,, ,,,,, ,,
1,102.71,87.45,-159.81,177.75,-22.2,-118.94,F36I28,I,1.0,0.10,1,,,,0.15,,1.91646
1,102.81,87.54,-159.87,176.38,-21.39,-116.44,F36I28,,, ,,,,, ,,
1,101.24,88.18,-157.89,61.19,5.06,-13.17,F36IF18,IF,4.0,0.40,4,,,22,0.38,,13.2678
1,101.14,88.44,-157.63,62.65,4.83,-13.25,F36IF18,,, ,,,,, ,,
1,102.54,92.1,-156.67,-152.91,-12.56,-43.08,F36I29,I,3.0,0.30,4,,,,0.33,,13.63635
1,102.3,92.3,-156.79,-154.03,-12.13,-44.2,F36I29,,, ,,,,, ,,
1,103.83,92.75,-153.7,-86.33,-6.22,96.23,F36I30,I,2.0,0.20,3,,,,0.22,,5.67567
1,103.8,92.87,-153.88,-85.48,-5.75,94.67,F36I30,,, ,,,,, ,,
1,101.53,95.9,-155.42,-141.69,-40.91,-107.56,F36I31,I,3.0,0.30,3,,,,0.27,,9.390654
1,101.6,96.0,-155.18,-144.03,-43.26,-106.95,F36I31,,, ,,,,, ,,
1,103.61,96.08,-152.9,-161.31,-30.14,59.76,F36VC21,VC,2.0,0.20,1,,,,0.21,,0.51597
1,103.61,96.29,-152.9,-162.51,-30.91,59.86,F36VC21,,, ,,,,, ,,
1,103.61,97.22,-152.76,170.94,-66.19,-82.48,F36I32,I,10.0,1.00,6,,,,0.91,,22.687938
1,104.16,97.95,-152.74,178.3,-67.41,-91.48,F36I32,,, ,,,,, ,,
1,104.04,97.68,-152.14,-81.4,30.96,39.52,F36PC20,PC,4.0,0.40,2,,,,0.50,,12.987702
1,104.47,97.94,-152.09,-81.37,31.31,38.8,F36PC20,,, ,,,,, ,,
1,119.86,58.42,-171.13,-71.51,35.9,4.14,F36I33,I,1.0,0.10,3,,,,0.12,,14.115465
1,119.82,58.49,-171.04,-71.21,36.13,4.6,F36I33,,, ,,,,, ,,
1,119.83,59.47,-164.9,55.25,10.46,14.46,F36VC22,VC,1.0,0.10,1,,,,0.18,,6.648642
1,119.7,59.49,-164.77,55.48,9.64,14.41,F36VC22,,, ,,,,, ,,
1,122.91,62.43,-162.86,-154.98,-33.81,6.53,F36IF19,IF,6.0,0.60,6,,,24,0.70,,27.685476
1,123.16,62.7,-162.27,-155.27,-33.94,7.68,F36IF19,,, ,,,,, ,,
1,122.43,61.33,-161.32,-175.21,-3.57,-38.85,F36PL6,PL,43.0,4.30,6,,,,4.38,,149.48388
1,124.89,62.1,-157.78,-155.43,6.08,-7.54,F36PL6,,, ,,,,, ,,
1,129.15,58.99,-180.03,-73.66,-0.38,35.97,F36I34,I,5.0,0.50,5,,,,0.44,,14.742
1,129.3,58.7,-180.32,-73.87,-0.21,34.19,F36I34,,, ,,,,, ,,
1,132.59,59.52,-177.57,-98.94,17.72,71.77,F36I35,I,3.0,0.30,4,,,,0.33,,12.442248
1,132.59,59.41,-177.88,-97.75,18.15,71.8,F36I35,,, ,,,,, ,,
1,133.29,59.55,-169.8,-52.24,31.73,9.5,F36I36,I,2.0,0.20,3,,,,0.27,,3.014739
1,133.06,59.62,-169.68,-51.37,31.9,10.5,F36I36,,, ,,,,, ,,
1,134.4,59.5,-168.71,-120.88,33.52,-58.06,F36I37,I,2.0,0.20,3,,,,0.16,,2.830464
1,134.47,59.6,-168.61,-120.1,34.23,-57.89,F36I37,,, ,,,,, ,,
1,135.97,59.73,-164.84,-54.73,49.89,-5.61,F36IF20,IF,10.0,1.00,7,,,23,1.03,,39.162123
1,135.98,60.07,-163.87,-57.38,45.92,-12.17,F36IF20,,, ,,,,, ,,
1,136.9,60.32,-164.31,-88.85,41.77,17.6,F36PL7,PL,160.0,16.00,10,,,,15.69,,240.508359
1,150.02,67.44,-159.48,-62.94,41.18,46.35,F36PL7,,, ,,,,, ,,
1,120.16,62.19,-177.9,-136.23,39.11,-22.15,F36VC23,VC,5.0,0.50,5,,,,0.51,,42.331653
1,120.38,62.2,-178.36,-138.16,43.64,-26.88,F36VC23,,, ,,,,, ,,
1,118.56,65.83,-174.87,-108.64,50.17,-88.72,F36I38,I,3.0,0.30,4,,,,0.30,,9.117927
1,118.32,65.95,-175.01,-109.99,50.35,-89.15,F36I38,,, ,,,,, ,,
1,121.76,68.01,-173.79,-2.92,-20.1,37.18,F36IF21,IF,7.0,0.70,4,,,25,0.67,,11.985246
1,122.2,68.13,-174.28,-3.82,-19.56,37.37,F36IF21,,, ,,,,, ,,
1,111.64,84.35,-152.27,169.46,9.67,-151.77,F36VC24,VC,6.0,0.60,4,,,,0.71,,49.599459
1,111.78,84.87,-151.81,169.92,7.43,-151.94,F36VC24,,, ,,,,, ,,
1,111.01,87.19,-155.01,173.41,15.79,-93.97,F36I39,I,7.0,0.70,6,,,,0.73,,16.687944
1,111.08,87.92,-155.02,169.47,17.76,-87.65,F36I39,,, ,,,,, ,,
1,111.35,87.49,-155.02,-169.84,40.48,-25.32,F36PC21b,PC,12.0,1.20,5,,,,1.24,,89.668215
1,111.44,88.5,-155.73,-172.07,41.97,-25.79,F36PC21b,,, ,,,,, ,,
1,101.1,93.17,-136.74,-52.14,0.52,-124.64,F36I40,I,3.0,0.30,2,,,,0.34,,4.34889
1,101.19,93.03,-136.44,-55.24,0.99,-120.6,F36I40,,, ,,,,, ,,
1,105.43,96.57,-133.58,-159.31,74.11,-9.91,F36I41,I,1.0,0.10,3,,,,0.13,,3.678129
1,105.48,96.69,-133.55,-164.79,73.02,-18.4,F36I41,,, ,,,,, ,,
1,102.39,95.56,-128.71,20.39,30.49,6.5,F36IF22,IF,18.0,1.80,9,,,"27,28",1.71,,86.557653
1,102.79,94.9,-127.18,20.51,18.68,12.5,F36IF22,,, ,,,,, ,,
1,101.91,93.05,-126.08,-1.07,-6.45,0.81,F36PL8,PL,280.0,28.00,13,,,,27.63,,340.525458
1,88.95,101.02,-103.02,-12.39,21.68,94.42,F36PL8,,, ,,,,, ,,
1,114.72,77.12,-144.91,-45.8,-21.49,-146.1,F36IF23,IF,8.0,0.80,7,,,29,0.86,,39.619125
1,113.9,76.97,-145.12,-49.57,-22.49,-139.89,F36IF23,,, ,,,,, ,,
1,115.15,76.72,-144.7,-36.99,-7.8,-2.08,F36PC22,PC,22.0,2.20,5,,,,2.29,,143.469144
1,113.61,77.32,-143.11,-33.01,-13.38,4.79,F36PC22,,, ,,,,, ,,
1,125.65,85.27,-144.53,-155.64,-60.1,-134.96,F36VC25,VC,1.0,0.10,1,,,,0.14,,9.773946
1,125.72,85.39,-144.49,-159.47,-60.11,-131.33,F36VC25,,, ,,,,, ,,
1,128.14,86.05,-143.88,-97.66,50.53,3.52,F36I42,I,3.0,0.30,2,,,,0.29,,4.157244
1,128.39,86.19,-143.95,-97.44,51.11,2.63,F36I42,,, ,,,,, ,,
1,130.2,88.59,-139.25,64.76,-78.09,29.9,F36I43,I,3.0,0.30,4,,,,0.44,,8.137584
1,129.94,88.94,-139.25,62.3,-77.54,29.84,F36I43,,, ,,,,, ,,
1,129.98,88.45,-139.35,137.12,-33.55,-76.12,F36PC23,PC,8.0,0.80,3,,,,0.83,,31.850091
1,129.7,89.23,-139.32,133.34,-34.14,-64.69,F36PC23,,, ,,,,, ,,
1,131.94,89.56,-136.52,-141.77,-7.93,1.65,F36IF24,IF,12.0,1.20,8,,,30,1.08,,57.427461
1,132.37,89.52,-135.53,159.21,2.37,29.93,F36IF24,,, ,,,,, ,,
1,131.69,88.69,-135.37,-106.22,-34.43,-143.09,F36PL9,PL,69.0,6.90,7,,,,6.78,,100.053954
1,127.09,89.58,-130.47,-124.38,50.66,-159.41,F36PL9,,, ,,,,, ,,
1,117.98,85.01,-140.83,-166.38,-24.28,-129.04,F36IF25,IF,7.0,0.70,4,,,31,0.70,,25.938549
1,117.39,85.26,-141.1,-166.7,-26.96,-128.49,F36IF25,,, ,,,,, ,,
1,116.64,84.76,-140.82,-139.11,-11.57,24.84,F36PC25,PC,11.0,1.10,5,,,,1.12,,144.309438
1,117.42,84.35,-140.13,-138.61,-7.71,25.46,F36PC25,,, ,,,,, ,,
1,112.69,92.79,-133.27,-145.77,-20.07,94.11,F36IF26,IF,7.0,0.70,5,,,"32,33",0.62,,33.007338
1,112.26,92.9,-133.7,-144.78,-20.03,93.7,F36IF26,,, ,,,,, ,,
1,114.05,92.29,-132.8,157.13,-23.62,-8.96,F36PC26,PC,8.0,0.80,4,,,,0.92,,75.803364
1,113.28,92.73,-133.05,155.22,-19.96,-7.26,F36PC26,,, ,,,,, ,,
1,114.89,99.4,-126.0,168.22,-16.88,-53.64,F36VC26,VC,3.0,0.30,1,,,,0.35,,6.515964
1,114.74,99.63,-126.21,167.02,-16.54,-51.84,F36VC26,,, ,,,,, ,,
1,115.92,100.22,-124.58,122.13,-6.56,-83.49,F36VC27,VC,3.0,0.30,1,,,,0.30,,5.557734
1,115.91,100.36,-124.32,121.91,-6.1,-80.81,F36VC27,,, ,,,,, ,,
1,116.89,101.85,-123.17,148.54,15.19,28.77,F36I44,I,10.0,1.00,7,,,,1.08,,31.466799
1,116.86,102.62,-122.41,147.04,14.49,28.46,F36I44,,, ,,,,, ,,
1,118.63,102.53,-123.96,-147.88,48.98,27.58,F36PC27,PC,31.0,3.10,4,,,RC7LUMIERE,2.97,,92.439711
1,119.27,104.47,-121.81,-161.19,50.3,20.75,F36PC27,,, ,,,,, ,,
1,107.7,98.44,-123.79,-159.08,30.14,-85.4,F36VC28,VC,12.0,1.20,3,,,RC8LUMIERE,1.20,,41.329197
1,107.21,99.48,-123.44,-163.14,29.69,-85.47,F36VC28,,, ,,,,, ,,
1,108.02,98.56,-120.92,-172.19,1.25,3.29,F36VC29,VC,7.0,0.70,4,,,,0.84,,30.965571
1,108.23,98.58,-120.11,-170.84,0.77,7.73,F36VC29,,, ,,,,, ,,
1,105.16,100.41,-119.06,-65.37,-6.17,-103.57,F36I45,I,1.0,0.10,1,,,,0.13,,0.928746
1,105.1,100.5,-119.13,-65.22,-5.99,-103.84,F36I45,,, ,,,,, ,,
1,105.33,102.8,-117.02,156.39,-1.27,-129.2,F36VC30,VC,6.0,0.60,3,,,,0.62,,18.840276
1,105.48,103.37,-116.84,156.92,-2.27,-130.64,F36VC30,,, ,,,,, ,,
1,101.92,104.59,-107.31,-175.05,32.11,27.94,F36IF27,IF,16.0,1.60,8,,,34,1.70,,72.01467
1,101.84,104.36,-105.63,-177.02,26.69,33.97,F36IF27,,, ,,,,, ,,
1,103.42,105.04,-105.7,-82.32,12.0,67.94,F36PL10,PL,246.0,24.60,12,,,,24.80,,290.955483
1,89.64,119.3,-90.81,-126.74,8.74,51.3,F36PL10,,, ,,,,, ,,
1,118.46,82.21,-135.62,160.05,37.71,100.32,F36I46,I,5.0,0.50,4,,,,0.54,,14.454531
1,118.17,81.77,-135.5,162.0,38.72,98.25,F36I46,,, ,,,,, ,,
1,123.12,83.23,-132.5,103.74,10.46,34.66,F36I47,I,4.0,0.40,7,,,,0.42,,36.56016
1,123.32,83.42,-132.18,104.15,10.06,37.87,F36I47,,, ,,,,, ,,
1,122.65,83.08,-132.05,124.33,47.42,2.93,F36PC28,PC,5.0,0.50,2,,,,0.55,,13.732173
1,122.46,83.36,-131.62,124.0,47.97,2.82,F36PC28,,, ,,,,, ,,
1,117.11,91.41,-123.11,-171.49,13.73,10.08,F36IF28,IF,8.0,0.80,7,,,35,0.78,,52.238277
1,117.68,91.49,-122.58,-172.44,10.0,15.26,F36IF28,,, ,,,,, ,,
1,117.01,91.82,-123.01,17.04,34.95,-1.94,F36PL11,PL,89.0,8.90,7,,,,8.67,,183.007188
1,111.62,92.22,-116.23,14.69,29.78,-2.17,F36PL11,,, ,,,,, ,,
1,121.46,82.63,-115.0,108.81,-9.53,47.27,F36IF29,IF,9.0,0.90,7,,,36,0.95,,43.090866
1,121.82,82.94,-114.18,109.63,-7.57,47.5,F36IF29,,, ,,,,, ,,
1,122.0,83.28,-115.1,144.63,-8.73,80.53,F36PC29,PC,32.0,3.20,5,,,,2.98,,105.958125
1,123.22,86.0,-115.03,141.24,-11.51,82.45,F36PC29,,, ,,,,, ,,
1,123.49,83.05,-106.66,149.03,-13.11,41.13,F36IF30,IF,7.0,0.70,5,,,37,0.78,,27.869751
1,124.17,83.1,-106.29,147.93,-14.59,47.51,F36IF30,,, ,,,,, ,,
1,123.84,78.82,-92.9,145.9,-0.14,26.48,F36IF31,IF,6.0,0.60,2,,,38,0.66,,7.113015
1,124.08,79.34,-92.58,145.41,-3.98,27.16,F36IF31,,, ,,,,, ,,
1,123.84,79.28,-92.92,-159.02,-0.65,37.99,F36PC30,PC,5.0,0.50,3,,,,0.54,,43.658433
1,124.15,79.19,-92.49,-161.9,-3.57,38.91,F36PC30,,, ,,,,, ,,
1,120.37,78.4,-92.7,94.55,-12.03,-5.35,F36VL1,VL,225.0,22.50,17,,,,22.12,,472.805424
1,98.89,81.25,-97.14,77.6,13.81,-17.12,F36VL1,,, ,,,,, ,,
1,122.19,78.99,-91.55,-2.84,-15.2,-104.21,F36I48,I,4.0,0.40,3,,,,0.39,,17.793594
1,122.02,78.64,-91.55,-4.52,-15.14,-103.98,F36I48,,, ,,,,, ,,
1,121.75,77.66,-91.36,1.29,-14.78,-102.63,F36PC31,PC,6.0,0.60,3,,,,0.54,,69.854967
1,121.6,77.17,-91.19,0.85,-16.04,-99.96,F36PC31,,, ,,,,, ,,
1,119.78,78.79,-87.5,-105.68,43.8,-97.17,F36VC31,VC,6.0,0.60,5,,,,0.68,,59.7051
1,119.13,79.0,-87.48,-108.43,42.81,-97.71,F36VC31,,, ,,,,, ,,
1,120.16,78.28,-81.81,168.62,-27.35,-164.52,F36VC32,VC,3.0,0.30,4,,,,0.27,,27.803412
1,120.17,78.34,-81.55,168.76,-28.23,-164.53,F36VC32,,, ,,,,, ,,
1,118.38,77.13,-81.31,-115.52,-2.92,43.1,F36IF32,IF,5.0,0.50,5,,,39,0.65,,17.093349
1,118.52,77.55,-80.84,-119.51,-7.58,46.49,F36IF32,,, ,,,,, ,,
1,120.76,77.63,-79.94,129.04,-34.79,-167.64,F36PC32,PC,14.0,1.40,4,,,,1.23,,93.405312
1,121.08,78.06,-81.05,128.14,19.2,9.5,F36PC32,,, ,,,,, ,,
1,121.39,77.94,-79.13,-101.91,22.19,7.64,F36IF33,IF,10.0,1.00,2,,,40,0.92,,17.675658
1,121.37,78.15,-78.23,-101.82,22.2,0.48,F36IF33,,, ,,,,, ,,
1,124.56,78.07,-78.7,-132.82,8.6,-34.52,F36PL12,PL,84.0,8.40,8,,,,8.35,,170.682876
1,131.91,78.92,-74.84,-124.43,3.04,-37.54,F36PL12,,, ,,,,, ,,
1,108.11,49.25,-128.95,-157.74,49.01,-42.1,F42I49,I,6.0,0.60,5,,,,0.58,,15.906618
1,108.24,49.35,-129.51,-156.7,55.76,-28.3,F42I49,,, ,,,,, ,,
1,113.18,48.26,-133.32,-60.97,-6.29,85.82,F42IF34,IF,4.0,0.40,3,,,1,0.59,,6.383286
1,113.75,48.33,-133.44,-57.96,-7.78,85.82,F42IF34,,, ,,,,, ,,
1,113.02,46.29,-133.5,138.56,51.56,-93.46,F42IF35,IF,6.0,0.60,4,,,2,0.67,,16.51104
1,113.13,45.69,-133.77,145.65,46.54,-87.2,F42IF35,,, ,,,,, ,,
1,120.13,46.51,-137.27,-135.54,85.81,53.36,F42I51,I,6.0,0.60,2,,,,0.52,,2.071251
1,120.62,46.41,-137.41,-150.79,87.49,38.31,F42I51,,, ,,,,, ,,
1,120.47,45.63,-137.78,121.07,66.82,-70.62,F42PC33,PC,3.0,0.30,2,,,,0.35,,20.999979
1,120.81,45.7,-137.76,112.61,66.56,-78.43,F42PC33,,, ,,,,, ,,
1,122.41,48.44,-140.0,50.11,14.01,-27.14,F42IF36,IF,5.0,0.50,3,,,3,0.52,,6.427512
1,122.73,48.33,-140.4,47.75,13.65,-31.87,F42IF36,,, ,,,,, ,,
1,125.17,48.79,-139.44,110.57,2.05,-133.16,F42I52,I,5.0,0.50,3,,,,0.73,,7.157241
1,125.72,48.87,-138.96,111.16,1.7,-129.19,F42I52,,, ,,,,, ,,
1,127.64,46.72,-142.28,-155.71,81.01,19.45,F42I53,I,6.0,0.60,4,,,,0.78,,12.766572
1,127.97,46.26,-142.82,-155.23,84.67,21.65,F42I53,,, ,,,,, ,,
1,127.7,47.44,-142.09,86.16,49.7,-130.39,F42PC36,PC,3.0,0.30,4,,,,0.66,,51.073659
1,127.46,46.86,-142.3,87.07,50.81,-128.47,F42PC36,,, ,,,,, ,,
1,133.93,47.8,-144.53,-85.02,69.29,87.64,F42I55,I,5.0,0.50,3,,,,0.37,,8.852571
1,134.18,48.04,-144.66,-76.99,69.38,90.54,F42I55,,, ,,,,, ,,
1,134.88,48.75,-147.84,130.17,69.51,3.75,F42I56,I,5.0,0.50,6,,,,0.64,,20.203911
1,134.9,49.39,-147.88,123.24,68.04,0.5,F42I56,,, ,,,,, ,,
1,134.71,48.8,-146.53,104.34,71.73,33.49,F42PC37,PC,2.0,0.20,3,,,,0.76,,38.712492
1,134.49,48.09,-146.36,108.15,72.92,36.67,F42PC37,,, ,,,,, ,,
1,137.7,49.87,-145.08,126.25,72.57,-113.59,F42I57,I,3.0,0.30,5,,,,0.56,,13.127751
1,138.15,49.98,-144.76,123.15,72.91,-116.24,F42I57,,, ,,,,, ,,
1,144.73,48.65,-149.24,-136.24,64.42,-23.5,F42I58,I,4.0,0.40,2,,,,0.43,,3.678129
1,145.01,48.97,-149.19,-138.6,67.26,-28.08,F42I58,,, ,,,,, ,,
1,146.29,49.77,-149.67,75.21,86.46,-117.54,F42VC33,VC,7.0,0.70,2,,,,0.27,,16.238313
1,146.42,50.0,-149.6,113.54,88.27,-73.88,F42VC33,,, ,,,,, ,,
1,152.46,48.57,-150.94,64.61,70.87,-117.07,F42I59,I,8.0,0.80,6,,,,0.86,,25.238304
1,153.31,48.5,-150.84,44.31,67.51,-134.61,F42I59,,, ,,,,, ,,
1,152.49,50.56,-152.39,90.67,65.45,-124.87,F42PL13,PL,100.0,10.00,6,,,,8.68,,138.972834
1,160.51,53.68,-151.24,66.39,66.85,-139.64,F42PL13,,, ,,,,, ,,
1,102.96,52.67,-123.1,176.15,19.84,13.29,F42PL14,PL,105.0,10.50,7,,,,10.46,,163.591974
1,102.46,53.76,-133.49,-165.9,32.76,8.77,F42PL14,,, ,,,,, ,,
1,105.14,62.56,-122.56,160.61,46.29,39.5,F42IF38,IF,6.0,0.60,4,,,5,0.51,,18.398016
1,104.94,62.28,-122.94,165.82,48.88,46.54,F42IF38,,, ,,,,, ,,
1,104.89,63.27,-123.04,152.16,30.95,-16.35,F42PC38,PC,4.0,0.40,3,,,,0.50,,38.218635
1,104.76,63.27,-123.52,150.19,33.58,-19.49,F42PC38,,, ,,,,, ,,
1,110.12,65.41,-123.44,171.0,55.56,-0.5,F42PC39,PC,8.0,0.80,3,,,,0.70,,48.714939
1,110.69,65.26,-123.82,171.66,56.26,-0.28,F42PC39,,, ,,,,, ,,
1,118.56,75.44,-122.75,148.74,26.6,-6.75,F42PC40,PC,14.0,1.40,5,,,,1.87,,125.830341
1,118.76,76.15,-124.47,147.73,30.87,-7.09,F42PC40,,, ,,,,, ,,
1,125.54,80.3,-119.95,121.7,32.32,-15.16,F42I62,I,6.0,0.60,6,,,,0.50,,22.960665
1,125.74,80.31,-120.41,119.7,33.1,-14.46,F42I62,,, ,,,,, ,,
1,127.36,81.17,-113.65,127.61,63.92,16.41,F42I63,I,4.0,0.40,4,,,,0.33,,19.01718
1,127.15,81.34,-113.84,118.63,62.73,2.66,F42I63,,, ,,,,, ,,
1,130.31,78.73,-115.32,-170.87,10.37,78.54,F42I64,I,6.0,0.60,5,,,,0.58,,19.525779
1,130.4,78.17,-115.46,-179.11,31.96,63.07,F42I64,,, ,,,,, ,,
1,130.53,78.53,-115.39,-153.25,5.45,78.52,F42PC41,PC,5.0,0.50,0,,,, ,,
1,130.59,78.34,-115.47,-152.91,5.94,77.83,F42PC41,,, ,,,,, ,,
1,129.78,80.13,-116.16,169.94,-1.97,-0.66,F42I65,I,5.0,0.50,3,,,,0.36,,8.579844
1,130.11,80.13,-116.02,170.39,-0.88,1.41,F42I65,,, ,,,,, ,,
1,129.76,80.67,-116.75,129.55,10.11,4.15,F42PC42,PC,3.0,0.30,2,,,,0.81,,38.616669
1,129.47,81.01,-117.42,130.81,14.91,4.03,F42PC42,,, ,,,,, ,,
1,130.45,82.21,-114.87,22.84,-48.63,43.4,F42I66,I,4.0,0.40,6,,,,0.57,,22.724793
1,130.75,82.65,-114.66,22.06,-45.42,41.02,F42I66,,, ,,,,, ,,
1,132.1,81.55,-113.14,139.11,16.67,-3.5,F42I67,I,5.0,0.50,4,,,,0.57,,19.326762
1,132.3,81.27,-112.69,139.02,14.93,-4.24,F42I67,,, ,,,,, ,,
1,132.24,81.45,-112.6,85.46,-15.15,-106.58,F42PC43,PC,8.0,0.80,3,,,,0.66,,60.950799
1,132.67,81.61,-112.13,86.64,-13.49,-104.63,F42PC43,,, ,,,,, ,,
1,136.06,83.17,-112.16,63.22,-17.64,-108.23,F42I68,I,4.0,0.40,3,,,,0.36,,6.243237
1,136.39,83.18,-112.01,63.04,-15.94,-106.58,F42I68,,, ,,,,, ,,
1,143.09,85.54,-110.79,64.59,47.35,-80.29,F42I69,I,4.0,0.40,5,,,,0.53,,9.663381
1,143.36,85.33,-111.19,62.67,47.57,-81.85,F42I69,,, ,,,,, ,,
1,145.01,88.22,-111.94,125.88,1.06,-43.09,F42IF39,IF,7.0,0.70,6,,,6,0.57,,21.088431
1,145.02,88.65,-112.32,125.57,1.74,-42.39,F42IF39,,, ,,,,, ,,
1,145.46,88.23,-112.96,97.57,10.67,-19.0,F42PC44,PC,17.0,1.70,5,,,,1.59,,88.474113
1,145.69,89.38,-114.03,96.66,18.9,-18.97,F42PC44,,, ,,,,, ,,
1,147.77,87.99,-109.58,95.85,63.39,-3.77,F42I70,I,9.0,0.90,5,,,,0.98,,29.425032
1,147.94,88.61,-108.84,96.36,61.44,-3.89,F42I70,,, ,,,,, ,,
1,147.68,88.25,-109.47,10.28,51.41,-114.5,F42PC45,PC,3.0,0.30,3,,,,0.37,,19.599489
1,147.68,88.62,-109.48,11.26,52.28,-111.79,F42PC45,,, ,,,,, ,,
1,151.92,87.77,-110.27,-110.3,83.9,99.09,F42I71,I,8.0,0.80,6,,,,0.80,,36.877113
1,152.52,87.25,-110.32,-107.67,84.41,103.5,F42I71,,, ,,,,, ,,
1,151.2,88.58,-111.24,27.5,-7.68,-71.25,F42PC46,PC,15.0,1.50,5,,,,1.60,,96.434793
1,152.38,87.79,-110.51,19.24,-27.33,-65.05,F42PC46,,, ,,,,, ,,
1,153.39,91.84,-108.13,-69.3,-27.13,-90.3,F42IF40,IF,9.0,0.90,4,,,8,0.85,,18.545436
1,153.84,92.48,-107.8,-67.21,-27.61,-90.24,F42IF40,,, ,,,,, ,,
1,154.53,91.62,-109.51,144.4,-11.14,-31.54,F42PC47,PC,3.0,0.30,3,,,,0.29,,54.206334
1,154.68,91.86,-109.59,144.53,-10.5,-31.12,F42PC47,,, ,,,,, ,,
1,157.44,90.72,-107.06,120.97,1.75,7.1,F42I72,I,9.0,0.90,4,,,,1.00,,12.044214
1,157.53,91.03,-106.11,121.11,-2.2,7.47,F42I72,,, ,,,,, ,,
1,157.64,92.05,-105.27,131.0,-8.47,67.56,F42PC48,PC,3.0,0.30,3,,,,0.39,,24.965577
1,158.02,91.97,-105.26,127.4,-10.11,70.72,F42PC48,,, ,,,,, ,,
1,157.34,88.96,-108.75,21.85,9.26,-115.31,F42PC49,PC,9.0,0.90,4,,,,0.89,,68.609268
1,157.67,88.71,-107.96,20.57,5.29,-117.71,F42PC49,,, ,,,,, ,,
1,161.22,90.7,-109.36,85.37,25.59,-30.09,F42I73,I,11.0,1.10,7,,,,1.05,,43.437303
1,161.55,90.64,-110.35,84.47,24.97,-27.53,F42I73,,, ,,,,, ,,
1,161.65,91.78,-109.87,93.96,-28.78,-74.75,F42PC50,PC,12.0,1.20,6,,,,1.27,,108.139941
1,162.86,92.16,-109.88,91.81,-27.45,-69.36,F42PC50,,, ,,,,, ,,
1,164.05,93.57,-105.86,-41.51,45.82,-53.49,F42I74,I,10.0,1.00,6,,,,0.98,,32.535594
1,164.55,94.21,-105.31,-41.2,45.9,-55.21,F42I74,,, ,,,,, ,,
1,164.22,94.3,-105.07,-151.24,49.46,-99.17,F42PC51,PC,3.0,0.30,3,,,,0.26,,28.997514
1,164.38,94.09,-105.05,-150.16,49.66,-98.74,F42PC51,,, ,,,,, ,,
1,166.22,91.79,-107.02,44.34,28.62,-83.02,F42I75,I,10.0,1.00,6,,,,0.98,,37.090872
1,166.79,91.01,-107.18,47.36,26.5,-77.9,F42I75,,, ,,,,, ,,
1,167.05,91.44,-106.59,87.02,43.08,-55.22,F42PC52,PC,9.0,0.90,4,,,,1.01,,55.768986
1,167.47,91.3,-107.5,85.8,44.61,-54.91,F42PC52,,, ,,,,, ,,
1,169.03,93.85,-106.83,108.83,-1.21,-65.05,F42I76,I,8.0,0.80,7,,,,0.87,,28.584738
1,169.64,94.46,-106.93,107.66,-0.36,-63.87,F42I76,,, ,,,,, ,,
1,169.21,94.55,-107.25,50.21,-27.22,2.54,F42PC53,PC,7.0,0.70,3,,,,0.58,,45.18423
1,169.68,94.8,-107.48,51.05,-25.07,1.1,F42PC53,,, ,,,,, ,,
1,170.79,95.4,-103.97,-132.97,21.53,-20.5,F42I77,I,7.0,0.70,3,,,,0.88,,15.832908
1,171.01,95.1,-103.17,-130.55,21.76,-16.98,F42I77,,, ,,,,, ,,
1,170.83,94.37,-104.02,-74.29,43.85,24.12,F42PC54,PC,10.0,1.00,4,,,,1.17,,71.845137
1,170.86,94.21,-102.86,-75.8,40.63,22.79,F42PC54,,, ,,,,, ,,
1,173.3,93.05,-105.06,55.35,-9.12,-82.38,F42I78,I,8.0,0.80,5,,,,0.70,,18.619146
1,173.8,93.43,-105.38,58.75,-6.41,-78.22,F42I78,,, ,,,,, ,,
1,174.01,93.37,-104.14,87.29,25.45,-88.86,F42PC55,PC,13.0,1.30,4,,,,1.43,,67.953249
1,175.18,94.06,-104.6,83.06,24.14,-87.07,F42PC55,,, ,,,,, ,,
1,184.78,97.1,-90.23,-164.15,-43.27,-141.11,F42VC34,VC,14.0,1.40,5,,,,1.56,,54.235818
1,184.96,97.76,-88.83,-169.65,-39.74,-137.42,F42VC34,,, ,,,,, ,,
1,185.45,96.84,-87.45,-63.86,26.13,11.48,F42I79,I,2.0,0.20,1,,,,0.13,,2.542995
1,185.51,96.81,-87.34,-64.17,25.21,11.37,F42I79,,, ,,,,, ,,
1,185.38,96.31,-88.3,-24.01,49.21,96.86,F42PC56,PC,10.0,1.00,3,,,,1.17,,26.380809
1,185.18,95.63,-87.37,-27.1,48.53,95.86,F42PC56,,, ,,,,, ,,
1,186.94,98.62,-84.51,-61.06,33.79,-11.54,F42IF41,IF,12.0,1.20,8,,,9,1.08,,56.719845
1,187.24,98.32,-83.52,-59.62,27.48,-9.16,F42IF41,,, ,,,,, ,,
1,187.72,97.0,-84.28,174.11,-5.73,-49.91,F42PL15,PL,240.0,24.00,12,,,,23.72,,280.864584
1,206.0,93.93,-69.48,-165.25,39.49,-40.43,F42PL15,,, ,,,,, ,,
1,96.79,59.1,-118.31,38.52,50.71,18.69,F42I80,I,5.0,0.50,4,,,,0.40,,18.110547
1,96.53,59.05,-118.61,32.92,51.54,13.85,F42I80,,, ,,,,, ,,
1,96.45,59.19,-118.97,28.39,37.93,48.35,F42PC57,PC,7.0,0.70,4,,,,0.60,,60.611733
1,96.12,59.4,-119.43,29.68,40.76,46.79,F42PC57,,, ,,,,, ,,
1,92.27,68.06,-120.0,-60.57,24.4,-111.79,F42VC35,VC,2.0,0.20,2,,,,0.22,,8.69778
1,92.45,68.12,-119.89,-57.57,26.22,-111.17,F42VC35,,, ,,,,, ,,
1,91.74,67.83,-119.99,-19.93,42.19,-87.68,F42VC36,VC,2.0,0.20,3,,,,0.22,,18.398016
1,91.69,67.62,-119.96,-21.38,41.55,-87.57,F42VC36,,, ,,,,, ,,
1,90.25,68.44,-120.46,-41.85,36.45,-107.89,F42VC37,VC,4.0,0.40,4,,,,0.52,,27.066312
1,89.96,68.03,-120.32,-45.79,36.59,-108.36,F42VC37,,, ,,,,, ,,
1,90.54,68.19,-120.99,58.7,13.35,-13.08,F42VC38,VC,7.0,0.70,5,,,,0.67,,33.913971
1,90.39,68.44,-121.59,59.75,14.36,-9.96,F42VC38,,, ,,,,, ,,
1,88.12,72.6,-121.58,37.97,40.36,65.91,F42I81,I,5.0,0.50,6,,,,0.62,,22.857471
1,88.24,73.21,-121.59,36.98,40.01,69.06,F42I81,,, ,,,,, ,,
1,87.08,73.06,-123.53,2.48,37.57,17.91,F42PC58,PC,22.0,2.20,5,,,,2.11,,125.852454
1,86.57,74.13,-125.27,2.43,41.14,19.15,F42PC58,,, ,,,,, ,,
1,102.56,79.08,-115.36,-117.05,46.48,-145.75,F42VC39,VC,6.0,0.60,7,,,,0.74,,81.22842
1,103.16,79.34,-115.7,-118.73,41.85,-148.63,F42VC39,,, ,,,,, ,,
1,100.06,82.11,-114.46,103.17,-64.21,15.68,F42IF42,IF,5.0,0.50,2,,,10,0.45,,6.375915
1,99.78,82.46,-114.48,104.31,-61.36,14.35,F42IF42,,, ,,,,, ,,
1,99.73,81.63,-114.99,39.03,31.38,-85.68,F42PC59,PC,21.0,2.10,5,,,,2.17,,122.307003
1,97.99,82.9,-115.24,39.18,29.61,-87.53,F42PC59,,, ,,,,, ,,
1,105.18,84.84,-114.02,156.34,47.24,-111.99,F42I82,I,5.0,0.50,4,,,,0.49,,17.867304
1,105.39,85.27,-113.93,153.77,47.15,-116.3,F42I82,,, ,,,,, ,,
1,104.68,85.11,-113.94,139.34,72.15,-139.82,F42VC40,VC,2.0,0.20,2,,,,0.10,,15.117921
1,104.66,85.12,-114.04,138.04,71.56,-141.23,F42VC40,,, ,,,,, ,,
1,104.33,89.14,-118.37,-120.54,13.94,16.02,F42I83,I,3.0,0.30,4,,,,0.34,,4.547907
1,104.64,89.17,-118.51,-119.1,15.77,14.88,F42I83,,, ,,,,, ,,
1,104.86,89.09,-118.01,-82.3,-23.65,35.97,F42PC60,PC,2.0,0.20,0,,,,0.18,,
1,104.84,89.26,-117.96,-81.46,-22.49,35.54,F42PC60,,, ,,,,, ,,
1,102.7,94.73,-117.56,-148.97,63.27,-137.18,F42IF43,IF,9.0,0.90,4,,,11,0.95,,23.999976
1,102.06,95.24,-117.08,-149.76,64.3,-135.26,F42IF43,,, ,,,,, ,,
1,101.79,94.79,-116.89,-131.16,63.95,-129.19,F42PL16,PL,100.0,10.00,6,,,,10.25,,105.788592
1,92.15,92.91,-113.95,-69.73,62.2,-74.67,F42PL16,,, ,,,,, ,,
1,104.31,105.53,-116.51,121.25,72.04,-127.31,F42I84,I,5.0,0.50,4,,,,0.51,,11.366082
1,104.2,106.02,-116.58,120.61,71.73,-128.01,F42I84,,, ,,,,, ,,
1,101.82,106.13,-116.35,108.51,26.03,-161.34,F42IF44,IF,7.0,0.70,2,,,12,0.58,,8.756748
1,101.57,105.82,-116.77,107.84,29.05,-159.51,F42IF44,,, ,,,,, ,,
1,101.81,106.07,-116.67,110.11,35.27,-175.57,F42PC61,PC,6.0,0.60,3,,,,0.66,,32.373432
1,101.64,105.84,-117.27,104.52,36.29,-177.79,F42PC61,,, ,,,,, ,,
1,103.23,110.12,-113.88,-137.63,59.68,15.71,F42I85,I,7.0,0.70,4,,,,0.61,,18.088434
1,103.22,110.43,-113.35,-138.75,58.71,14.82,F42I85,,, ,,,,, ,,
1,102.65,110.43,-112.98,144.07,41.47,-162.41,F42PC62,PC,6.0,0.60,5,,,,0.46,,58.488885
1,102.29,110.67,-112.81,143.83,40.9,-162.14,F42PC62,,, ,,,,, ,,
1,100.18,114.46,-110.38,-81.61,79.07,-110.07,F42I86,I,8.0,0.80,6,,,,0.91,,28.149849
1,99.45,113.92,-110.36,-90.95,77.35,-119.33,F42I86,,, ,,,,, ,,
1,100.02,117.17,-110.91,-177.33,22.63,-95.93,F42IF45,IF,9.0,0.90,3,,,13,0.95,,15.324309
1,99.42,117.9,-110.86,-174.04,15.1,-99.44,F42IF45,,, ,,,,, ,,
1,100.4,117.35,-110.96,159.28,12.1,-107.16,F42PC63,PC,3.0,0.30,2,,,,0.25,,10.997532
1,100.61,117.47,-110.88,154.28,12.73,-110.26,F42PC63,,, ,,,,, ,,
1,100.21,118.5,-111.76,-117.14,-14.99,-65.33,F42PC64,PC,10.0,1.00,3,,,,1.05,,74.660859
1,99.37,119.06,-112.03,-118.29,-14.01,-64.18,F42PC64,,, ,,,,, ,,
1,100.92,120.83,-103.89,58.55,22.76,-17.21,F42IF46,IF,6.0,0.60,5,,,14,0.64,,18.810792
1,100.56,120.56,-103.43,59.13,19.87,-19.09,F42IF46,,, ,,,,, ,,
1,100.69,120.41,-103.39,60.86,29.08,-0.46,F42PC65,PC,10.0,1.00,3,,,,0.97,,39.958191
1,100.6,119.91,-102.56,62.55,23.62,1.99,F42PC65,,, ,,,,, ,,
1,100.34,123.77,-102.34,41.77,-17.89,69.09,F42I87,I,4.0,0.40,5,,,,0.46,,12.987702
1,100.23,124.12,-102.62,42.96,-17.94,70.67,F42I87,,, ,,,,, ,,
1,100.31,124.29,-102.95,5.79,7.12,64.0,F42PC66,PC,8.0,0.80,2,,,,0.83,,29.830437
1,100.28,125.1,-102.78,6.41,8.49,61.68,F42PC66,,, ,,,,, ,,
1,99.45,127.67,-95.34,-95.44,-3.35,-107.8,F42I88,I,5.0,0.50,4,,,,0.41,,15.191631
1,99.24,127.9,-95.07,-95.24,-1.29,-106.0,F42I88,,, ,,,,, ,,
1,99.87,127.12,-95.66,46.78,-4.34,89.08,F42PC67,PC,6.0,0.60,3,,,,0.70,,40.98276
1,99.33,127.51,-95.86,47.39,-3.73,89.15,F42PC67,,, ,,,,, ,,
1,100.01,127.33,-95.36,-8.18,32.36,-4.0,F42PL17,PL,53.0,5.30,7,,,,5.29,,111.022002
1,96.88,125.79,-91.38,-8.97,34.52,-1.14,F42PL17,,, ,,,,, ,,
1,100.96,130.22,-93.69,-28.08,14.61,12.78,F42IF47,IF,11.0,1.10,5,,,15,0.97,,27.980316
1,101.59,130.93,-93.5,-25.23,13.45,12.19,F42IF47,,, ,,,,, ,,
1,102.09,129.9,-93.41,121.17,11.21,-88.1,F42PL18,PL,72.0,7.20,7,,,,7.15,,163.997379
1,107.31,134.29,-95.57,118.44,23.49,-74.96,F42PL18,,, ,,,,, ,,
1,100.55,129.28,-89.75,26.48,20.34,28.91,F42I89,I,4.0,0.40,4,,,,0.39,,15.84765
1,100.71,128.96,-89.6,25.79,19.64,29.31,F42I89,,, ,,,,, ,,
1,99.7,131.04,-88.5,34.68,14.45,31.47,F42IF48,IF,10.0,1.00,4,,,16,0.91,,23.454522
1,99.28,131.43,-87.79,36.11,13.84,31.87,F42IF48,,, ,,,,, ,,
1,98.89,132.31,-87.18,-178.65,12.08,-122.52,F42PC68,PC,3.0,0.30,3,,,,0.42,,35.808318
1,98.87,132.36,-86.76,178.27,6.14,-125.14,F42PC68,,, ,,,,, ,,
1,98.92,132.03,-87.49,14.03,43.06,-42.86,F42PL19,PL,98.0,9.80,8,,,,10.06,,176.999823
1,89.98,136.54,-88.43,60.51,25.82,-8.02,F42PL19,,, ,,,,, ,,
1,101.17,131.14,-85.68,42.0,40.61,-140.12,F42I90,I,5.0,0.50,5,,,,0.62,,19.444698
1,100.74,130.9,-85.3,41.8,43.33,-139.78,F42I90,,, ,,,,, ,,
1,101.43,131.54,-85.48,43.16,35.05,-158.41,F42PC69,PC,4.0,0.40,2,,,,0.55,,42.501186
1,101.21,131.52,-84.98,43.17,33.72,-159.66,F42PC69,,, ,,,,, ,,
1,99.66,131.14,-83.51,55.98,70.45,-106.33,F42I91,I,4.0,0.40,2,,,,0.37,,7.66584
1,99.76,131.27,-83.84,52.86,69.57,-110.34,F42I91,,, ,,,,, ,,
1,99.42,131.21,-83.67,40.19,65.75,-113.0,F42PC70,PC,4.0,0.40,2,,,,0.40,,23.454522
1,99.3,131.59,-83.67,39.62,65.78,-113.5,F42PC70,,, ,,,,, ,,
1,99.74,134.24,-80.48,164.39,-30.26,-130.02,F42IF49,IF,10.0,1.00,4,,,17,0.85,,17.520867
1,99.95,134.65,-79.76,161.69,-31.16,-126.31,F42IF49,,, ,,,,, ,,
1,100.56,134.02,-81.6,6.31,30.25,-12.86,F42PC71,PC,9.0,0.90,5,,,,0.81,,91.665756
1,100.71,134.15,-80.81,14.76,22.19,-4.25,F42PC71,,, ,,,,, ,,
1,100.4,134.1,-70.17,153.75,34.43,-41.86,F42I92,I,3.0,0.30,3,,,,0.26,,4.289922
1,100.15,134.13,-70.11,156.52,34.56,-42.78,F42I92,,, ,,,,, ,,
1,101.78,136.44,-61.12,-128.79,-35.92,-150.17,F42VC41,VC,4.0,0.40,1,,,,0.38,,9.199008
1,101.96,136.38,-60.79,-129.42,-35.04,-148.48,F42VC41,,, ,,,,, ,,
1,102.21,136.05,-59.78,-89.91,7.31,-4.94,F42IF50,IF,12.0,1.20,6,,,18,1.13,,35.167041
1,101.9,136.65,-58.87,-114.75,-6.87,-11.62,F42IF50,,, ,,,,, ,,
1,101.93,136.45,-59.23,10.01,15.72,12.37,F42PL20,PL,161.0,16.10,9,,,,16.23,,213.891678
1,93.7,131.73,-46.06,26.22,20.98,-10.66,F42PL20,,, ,,,,, ,,
1,102.72,136.23,-59.37,-40.14,-0.3,30.25,F42PL21,PL,128.0,12.80,9,,,,12.73,,176.181642
1,110.25,143.7,-52.33,-18.65,59.11,29.59,F42PL21,,, ,,,,, ,,
1,112.63,98.67,-118.95,168.12,45.55,-105.17,F42I93,I,6.0,0.60,4,,,,0.67,,17.410302
1,112.43,98.52,-119.57,170.03,31.98,-105.84,F42I93,,, ,,,,, ,,
1,113.07,97.9,-118.59,172.34,30.06,-128.18,F42PC72,PC,7.0,0.70,4,,,,0.60,,81.316872
1,113.31,98.0,-118.05,170.62,28.28,-128.7,F42PC72,,, ,,,,, ,,
1,119.89,94.16,-119.74,168.86,55.07,8.82,F42I94,I,10.0,1.00,5,,,,1.03,,32.292351
1,120.25,93.88,-120.66,168.94,49.87,5.92,F42I94,,, ,,,,, ,,
1,119.67,94.57,-120.34,-56.49,8.41,-7.51,F42PL22,PL,63.0,6.30,8,,,,6.17,,172.053882
1,117.95,93.59,-126.18,-57.58,11.1,-4.72,F42PL22,,, ,,,,, ,,
1,123.94,101.31,-117.26,-133.5,17.45,6.81,F42I95,I,11.0,1.10,5,,,,1.03,,31.614219
1,123.55,102.22,-116.99,-135.33,17.82,9.41,F42I95,,, ,,,,, ,,
1,128.19,98.49,-114.95,30.92,14.08,-11.24,F42IF51,IF,9.0,0.90,5,,,19,0.88,,20.78622
1,127.97,99.2,-115.42,33.11,14.91,-11.38,F42IF51,,, ,,,,, ,,
1,128.51,98.3,-114.96,40.19,7.51,-76.67,F42PC73,PC,6.0,0.60,4,,,,0.61,,82.584684
1,129.01,98.24,-114.61,35.29,4.7,-74.96,F42PC73,,, ,,,,, ,,
1,132.09,105.03,-113.12,-106.88,58.83,-56.71,F42I96,I,3.0,0.30,3,,,,0.22,,5.837832
1,132.28,105.04,-113.01,-102.96,60.46,-51.71,F42I96,,, ,,,,, ,,
1,138.87,109.13,-106.43,-37.77,41.31,39.93,F42I97,I,5.0,0.50,5,,,,0.37,,30.058938
1,139.18,109.1,-106.23,-38.06,40.22,40.37,F42I97,,, ,,,,, ,,
1,138.55,108.54,-105.31,-139.33,2.98,-131.01,F42PC74,PC,6.0,0.60,3,,,,0.51,,62.992566
1,138.47,108.81,-104.89,-141.78,0.02,-132.86,F42PC74,,, ,,,,, ,,
1,138.41,111.68,-111.91,-2.51,29.55,98.56,F42IF52,IF,9.0,0.90,5,,,20,0.89,,27.899235
1,138.65,112.49,-111.64,2.62,19.7,103.06,F42IF52,,, ,,,,, ,,
1,137.96,112.65,-112.71,-8.71,19.2,80.56,F42PL23,PL,85.0,8.50,7,,,,8.26,,176.498595
1,141.95,118.13,-117.43,-16.26,29.1,69.13,F42PL23,,, ,,,,, ,,
1,142.92,111.55,-109.51,139.64,6.36,-93.62,F42VC42,VC,4.0,0.40,5,,,,0.34,,25.046658
1,142.62,111.43,-109.39,140.58,7.05,-93.15,F42VC42,,, ,,,,, ,,
1,149.06,113.46,-103.63,125.05,27.12,-56.46,F42VC43,VC,6.0,0.60,5,,,,0.50,,62.483967
1,149.45,113.39,-103.94,125.65,29.3,-57.5,F42VC43,,, ,,,,, ,,
1,149.79,114.41,-98.79,148.53,22.71,-31.08,F42IF53,IF,10.0,1.00,5,,,21,0.99,,39.567528
1,149.67,113.44,-98.64,151.04,17.0,-30.06,F42IF53,,, ,,,,, ,,
1,149.46,114.95,-98.44,162.28,14.55,-22.56,F42PC75,PC,12.0,1.20,6,,,,1.29,,94.687866
1,150.3,114.49,-97.58,161.69,9.05,-19.82,F42PC75,,, ,,,,, ,,
1,132.62,105.13,-117.61,-81.63,59.53,-10.67,F42VC44,VC,3.0,0.30,3,,,,0.47,,19.223568
1,132.83,104.96,-118.0,-81.73,60.58,-9.67,F42VC44,,, ,,,,, ,,
1,135.95,104.75,-119.57,-62.44,50.6,40.91,F42VL2,VL,43.0,4.30,9,,,,4.10,,211.665636
1,138.61,104.9,-122.68,-59.46,50.45,45.06,F42VL2,,, ,,,,, ,,
1,151.92,117.31,-97.42,153.25,-10.73,-92.93,F42IF54,IF,9.0,0.90,5,,,22,0.97,,22.437324
1,151.89,118.26,-97.63,149.79,-11.84,-90.87,F42IF54,,, ,,,,, ,,
1,152.08,117.59,-97.37,35.28,-56.67,68.25,F42PC76,PC,13.0,1.30,5,,,,1.32,,85.916376
1,151.81,118.73,-96.77,35.7,-54.96,55.86,F42PC76,,, ,,,,, ,,
1,154.84,116.26,-95.4,-162.95,40.04,3.84,F42VC45,VC,3.0,0.30,1,,,,0.25,,3.051594
1,154.98,116.12,-95.24,-163.7,41.75,1.11,F42VC45,,, ,,,,, ,,
1,157.23,119.79,-90.51,125.57,9.98,-81.14,F42I98,I,10.0,1.00,5,,,,0.84,,35.410284
1,157.45,120.58,-90.35,127.98,11.1,-78.4,F42I98,,, ,,,,, ,,
1,157.24,120.65,-90.95,175.57,31.44,-86.32,F42PC77,PC,6.0,0.60,4,,,,0.64,,74.358648
1,157.69,121.01,-91.22,174.26,32.9,-85.89,F42PC77,,, ,,,,, ,,
1,157.15,120.22,-85.87,-53.47,44.27,-117.05,F42I99,I,7.0,0.70,6,,,,0.67,,35.218638
1,156.91,119.59,-85.87,-54.15,43.48,-117.94,F42I99,,, ,,,,, ,,
1,157.85,119.77,-86.15,-162.91,-4.73,111.69,F42PC78,PC,8.0,0.80,4,,,,1.05,,69.427449
1,157.6,118.94,-85.56,-162.78,-5.7,114.4,F42PC78,,, ,,,,, ,,
1,157.57,122.01,-85.1,-19.87,45.53,-45.1,F42I100,I,3.0,0.30,2,,,,0.22,,8.786232
1,157.5,122.05,-84.9,-20.57,45.02,-45.71,F42I100,,, ,,,,, ,,
1,157.29,122.52,-85.06,-46.6,43.68,-90.67,F42PC79,PC,5.0,0.50,3,,,,0.46,,47.144916
1,157.57,122.86,-84.94,-48.47,43.66,-92.07,F42PC79,,, ,,,,, ,,
1,159.55,120.76,-84.2,86.02,-38.77,-109.44,F42I101,I,7.0,0.70,5,,,,0.87,,24.707592
1,160.3,120.82,-83.77,115.56,-16.2,-112.33,F42I101,,, ,,,,, ,,
1,160.41,120.75,-83.38,-136.03,-4.21,67.09,F42PC80,PC,5.0,0.50,4,,,,0.38,,41.167035
1,160.19,120.48,-83.23,-137.48,-3.65,63.8,F42PC80,,, ,,,,, ,,
1,159.69,121.69,-83.0,167.16,-5.1,-92.48,F42PC81,PC,15.0,1.50,4,,,,1.64,,79.488864
1,160.8,122.88,-82.79,162.55,-6.41,-90.84,F42PC81,,, ,,,,, ,,
1,163.23,124.96,-64.4,-3.37,22.42,110.34,F42I102,I,3.0,0.30,2,,,,0.34,,5.152329
1,163.26,125.23,-64.6,-3.23,22.41,110.8,F42I102,,, ,,,,, ,,
1,163.71,124.74,-64.62,-34.14,29.55,69.9,F42PC82,PC,7.0,0.70,5,,,,0.72,,45.250569
1,164.36,124.93,-64.38,-32.83,29.33,69.08,F42PC82,,, ,,,,, ,,
1,163.47,124.08,-60.73,-149.24,24.79,-11.79,F42IF55,IF,15.0,1.50,6,,,23,1.43,,44.063838
1,163.43,124.03,-59.3,-153.82,17.4,-10.59,F42IF55,,, ,,,,, ,,
1,162.54,124.37,-60.0,-153.67,-31.54,-133.33,F42PL24,PL,61.0,6.10,7,,,,5.96,,107.992521
1,162.1,129.67,-57.3,-162.65,-23.12,-105.64,F42PL24,,, ,,,,, ,,
1,163.9,123.68,-59.75,176.92,6.12,-71.01,F42PL25,PL,145.0,14.50,9,,,,14.49,,204.368346
1,174.92,117.92,-52.31,-158.24,25.91,-78.84,F42PL25,,, ,,,,, ,,
1,82.6,81.09,-119.96,40.04,42.83,14.52,F42IF56,IF,6.0,0.60,2,,,24,0.54,,9.43488
1,82.3,81.24,-120.38,40.33,44.94,16.64,F42IF56,,, ,,,,, ,,
1,82.53,81.63,-120.06,9.49,37.49,-54.84,F42PC83,PC,3.0,0.30,3,,,,0.33,,49.415184
1,82.4,81.86,-120.26,10.43,36.37,-56.61,F42PC83,,, ,,,,, ,,
1,75.66,84.88,-124.39,-8.12,52.83,-47.76,F42I103,I,6.0,0.60,4,,,,0.62,,25.687935
1,75.47,84.56,-124.89,-7.85,53.91,-48.18,F42I103,,, ,,,,, ,,
1,75.79,84.3,-124.59,-4.81,47.29,-54.77,F42PC84,PC,11.0,1.10,2,,,RC3LUMIERE,1.10,,57.287412
1,75.64,83.42,-125.24,-10.97,49.75,-56.6,F42PC84,,, ,,,,, ,,
1,72.05,90.92,-129.12,6.05,-13.09,20.8,F42I104,I,6.0,0.60,3,,,,0.68,,15.70023
1,72.25,91.48,-129.46,8.5,-8.79,22.45,F42I104,,, ,,,,, ,,
1,72.46,92.08,-127.35,-77.2,46.23,-173.84,F42PC85,PC,8.0,0.80,4,,,,0.79,,71.624007
1,72.43,92.85,-127.5,-72.12,48.82,-168.58,F42PC85,,, ,,,,, ,,
1,68.63,95.94,-127.5,-90.28,64.55,-20.76,F42VC46,VC,10.0,1.00,8,,,,0.82,,162.994923
1,69.35,96.28,-127.69,-93.18,65.96,-24.3,F42VC46,,, ,,,,, ,,
1,63.82,98.28,-127.31,-171.31,-21.72,-117.32,F42IF57,IF,7.0,0.70,2,,,25,0.62,,11.42505
1,64.0,97.7,-127.44,-170.73,-19.84,-116.62,F42IF57,,, ,,,,, ,,
1,63.85,97.92,-127.09,-176.95,-0.02,-117.93,F42PC86,PC,8.0,0.80,4,,,,0.76,,103.208742
1,63.41,98.42,-126.73,175.45,-31.36,-123.74,F42PC86,,, ,,,,, ,,
1,60.24,97.5,-128.2,120.83,-36.2,-58.43,F42IF58,IF,5.0,0.50,3,,,26,0.51,,15.412761
1,60.13,97.05,-127.99,123.35,-36.43,-58.69,F42IF58,,, ,,,,, ,,
1,60.09,97.81,-127.6,-72.09,-43.0,-96.39,F42PC87,PC,5.0,0.50,2,,,,0.37,,39.8034
1,59.83,97.68,-127.37,-73.71,-44.37,-95.88,F42PC87,,, ,,,,, ,,
1,59.59,100.93,-126.96,-99.61,11.9,22.18,F42I105,I,4.0,0.40,1,,,,0.34,,5.351346
1,59.29,100.84,-126.82,-100.48,13.08,22.29,F42I105,,, ,,,,, ,,
1,57.68,100.32,-128.54,-95.93,-10.2,-47.73,F42VC47,VC,5.0,0.50,6,,,,0.53,,68.830398
1,57.24,100.15,-128.79,-97.43,-9.39,-47.7,F42VC47,,, ,,,,, ,,
1,51.52,103.83,-124.66,-104.39,-4.62,-27.28,F42VC48,VC,8.0,0.80,4,,,RC6LUMIERE,0.87,,39.707577
1,50.81,103.43,-124.97,-111.68,2.67,-28.04,F42VC48,,, ,,,,, ,,
1,45.0,106.17,-118.26,-26.72,-60.81,-124.08,F42IF59,IF,12.0,1.20,4,,,27,1.04,,25.599483
1,44.19,105.52,-118.28,-25.41,-63.23,-124.1,F42IF59,,, ,,,,, ,,
1,44.93,105.35,-118.25,98.29,-44.21,-60.11,F42PC88,PC,9.0,0.90,4,,,,0.76,,76.149801
1,44.52,104.79,-117.94,104.77,-41.2,-60.64,F42PC88,,, ,,,,, ,,
1,40.34,110.1,-113.13,-111.59,-26.79,-69.27,F42IF60,IF,10.0,1.00,5,,,28,0.95,,34.805862
1,39.5,109.83,-113.48,-119.19,-34.93,-56.01,F42IF60,,, ,,,,, ,,
1,40.09,109.5,-114.34,-177.94,-17.8,-64.28,F42PL26,PL,115.0,11.50,9,,,,11.29,,200.410119
1,34.7,117.86,-119.69,173.5,-5.75,-50.57,F42PL26,,, ,,,,, ,,
1,38.8,109.46,-110.19,170.51,14.73,-128.2,F42I106,I,5.0,0.50,4,,,,0.39,,15.390648
1,38.7,109.49,-109.81,169.84,17.33,-127.16,F42I106,,, ,,,,, ,,
1,38.89,109.81,-109.91,-123.1,-30.3,-129.45,F42PC89,PC,9.0,0.90,4,,,,0.84,,76.687884
1,38.53,110.07,-109.2,-127.91,-28.93,-127.95,F42PC89,,, ,,,,, ,,
1,40.98,108.52,-111.24,87.02,20.61,-4.85,F42I107,I,6.0,0.60,4,,,,0.60,,24.427494
1,41.25,108.52,-110.7,88.42,15.27,0.2,F42I107,,, ,,,,, ,,
1,39.98,107.9,-111.13,149.42,3.25,110.12,F42PC90,PC,11.0,1.10,4,,,,1.19,,89.881974
1,40.52,107.48,-110.16,147.46,2.56,108.77,F42PC90,,, ,,,,, ,,
1,38.17,109.59,-108.35,119.43,2.14,84.76,F42I108,I,9.0,0.90,6,,,,0.96,,32.181786
1,37.37,109.06,-108.32,123.38,2.31,87.57,F42I108,,, ,,,,, ,,
1,37.38,108.84,-108.83,65.98,33.1,-55.86,F42PC91,PC,14.0,1.40,4,,,,1.23,,86.270184
1,36.38,108.88,-108.11,69.69,33.11,-54.13,F42PC91,,, ,,,,, ,,
1,37.52,109.2,-106.49,-168.2,-30.16,-149.41,F42IF61,IF,9.0,0.90,4,,,29,1.07,,23.741991
1,37.23,109.3,-105.47,-178.79,-40.98,-147.98,F42IF61,,, ,,,,, ,,
1,38.93,109.75,-106.42,102.31,19.53,32.17,F42PL27,PL,82.0,8.20,6,,,,7.98,,143.012142
1,42.98,109.87,-99.55,110.36,22.66,41.15,F42PL27,,, ,,,,, ,,
1,31.73,109.33,-93.94,-113.58,23.19,-91.42,F42I109,I,2.0,0.20,3,,,,0.17,,6.56019
1,31.64,109.46,-93.87,-113.67,23.6,-91.47,F42I109,,, ,,,,, ,,
1,31.95,109.66,-93.85,-107.88,9.21,-112.97,F42PC92,PC,4.0,0.40,3,,,,0.42,,27.589653
1,31.72,109.68,-93.5,-105.69,11.87,-107.86,F42PC92,,, ,,,,, ,,
1,31.2,108.71,-84.82,-141.97,-2.7,-160.27,F42IF62,IF,13.0,1.30,7,,,30,1.34,,50.985207
1,30.92,108.9,-83.52,-141.9,-12.22,-164.1,F42IF62,,, ,,,,, ,,
1,30.98,108.22,-84.07,64.42,17.5,15.97,F42PL28,PL,167.0,16.70,9,,,,16.73,,205.628787
1,33.15,103.79,-68.08,57.0,39.82,-5.5,F42PL28,,, ,,,,, ,,
1,88.56,82.73,-101.21,-31.23,35.42,30.1,F42VC49,VC,6.0,0.60,6,,,,0.48,,61.592076
1,88.65,82.5,-101.62,-28.65,40.32,30.3,F42VC49,,, ,,,,, ,,
1,87.18,89.33,-95.34,-176.51,22.13,-98.08,F42IF63,IF,4.0,0.40,6,,,31,0.43,,13.85748
1,87.17,89.57,-94.98,179.31,11.71,-108.46,F42IF63,,, ,,,,, ,,
1,87.03,89.74,-95.88,-177.45,-1.02,-74.57,F42PC93,PC,7.0,0.70,3,,,,0.72,,53.034345
1,86.32,89.68,-95.8,175.19,12.88,-38.33,F42PC93,,, ,,,,, ,,
1,88.8,91.21,-91.98,129.67,69.64,117.7,F42I110,I,5.0,0.50,4,,,,0.50,,18.213741
1,88.93,91.42,-91.54,129.49,68.93,115.42,F42I110,,, ,,,,, ,,
1,88.21,90.24,-90.29,46.14,64.0,74.24,F42I111,I,4.0,0.40,3,,,,0.47,,17.336592
1,87.92,89.99,-90.01,47.76,65.42,75.35,F42I111,,, ,,,,, ,,
1,87.82,90.76,-89.76,86.63,61.22,116.23,F42PC94,PC,5.0,0.50,3,,,,0.65,,39.309543
1,87.67,91.31,-89.45,89.42,61.47,117.95,F42PC94,,, ,,,,, ,,
1,87.69,98.07,-83.43,-30.53,32.47,39.0,F42I112,I,2.0,0.20,1,,,,0.22,,1.40049
1,87.53,98.15,-83.3,-30.56,32.1,37.26,F42I112,,, ,,,,, ,,
1,88.15,98.41,-79.63,-64.87,22.71,-13.75,F42IF64,IF,10.0,1.00,8,,,32,1.13,,48.94344
1,88.43,98.35,-78.54,-64.57,17.23,-14.71,F42IF64,,, ,,,,, ,,
1,88.57,99.57,-79.74,-8.93,33.79,-16.11,F42PL29,PL,132.0,13.20,9,,,,13.19,,227.874465
1,84.34,98.92,-67.26,-16.29,21.42,-17.48,F42PL29,,, ,,,,, ,,
1,79.07,69.78,-105.59,-50.4,45.98,1.31,F42I113,I,6.0,0.60,6,,,,0.52,,38.793573
1,79.2,69.57,-106.05,-49.9,46.53,2.85,F42I113,,, ,,,,, ,,
1,79.33,69.17,-105.63,-62.07,42.46,-42.9,F42PC95,PC,10.0,1.00,4,,,,1.14,,109.945836
1,78.5,69.12,-106.41,-64.37,44.27,-43.3,F42PC95,,, ,,,,, ,,
1,81.11,76.46,-101.14,-179.37,42.44,-88.92,F42VC50,VC,7.0,0.70,4,,,RC5OMBRE,0.80,,34.230924
1,81.28,77.24,-101.05,178.2,41.96,-92.22,F42VC50,,, ,,,,, ,,
1,78.34,75.15,-97.42,-110.06,25.24,-42.99,F42IF65,IF,9.0,0.90,5,,,33,0.96,,22.002435
1,77.77,74.4,-97.24,-112.17,23.41,-43.71,F42IF65,,, ,,,,, ,,
1,78.33,75.27,-96.53,-39.55,-61.04,-29.54,F42PC96,PC,6.0,0.60,4,,,,0.54,,92.756664
1,77.95,75.09,-96.19,-47.81,-62.45,-22.09,F42PC96,,, ,,,,, ,,
1,79.2,75.8,-93.29,-112.41,0.87,-109.52,F42VC51,VC,2.0,0.20,3,,,,0.25,,18.773937
1,79.09,75.96,-93.14,-113.8,-0.24,-111.46,F42VC51,,, ,,,,, ,,
1,81.56,79.33,-95.09,-38.41,-10.7,98.0,F42I114,I,4.0,0.40,4,,,,0.45,,17.54298
1,81.82,79.46,-94.75,-37.43,-11.05,98.26,F42I114,,, ,,,,, ,,
1,81.37,86.8,-88.31,-70.66,45.63,-3.37,F42I115,I,4.0,0.40,5,,,,0.34,,26.211276
1,81.6,87.04,-88.25,-67.73,45.53,-0.86,F42I115,,, ,,,,, ,,
1,81.65,86.27,-88.24,-51.32,27.54,44.44,F42PC97,PC,6.0,0.60,1,,,RC6OMBRE,0.63,,29.616678
1,82.14,86.66,-88.32,-50.13,28.0,46.02,F42PC97,,, ,,,,, ,,
1,76.09,81.36,-81.36,-38.93,51.13,-4.52,F42I116,I,7.0,0.70,5,,,,0.72,,23.019633
1,76.18,81.99,-81.69,-38.89,52.18,-5.59,F42I116,,, ,,,,, ,,
1,77.04,75.45,-80.8,-31.53,-45.02,-118.19,F42I117,I,7.0,0.70,5,,,,0.78,,25.157223
1,76.61,74.83,-80.61,-32.04,-50.62,-123.71,F42I117,,, ,,,,, ,,
1,76.94,75.23,-79.96,91.19,9.79,97.02,F42PC98,PC,4.0,0.40,4,,,,0.33,,76.938498
1,76.85,75.54,-80.0,91.27,9.45,97.6,F42PC98,,, ,,,,, ,,
1,75.62,81.84,-92.62,-91.47,-56.58,-62.84,F42IF66,IF,5.0,0.50,5,,,34,0.51,,22.636341
1,75.53,82.33,-92.53,-86.23,-59.45,-65.43,F42IF66,,, ,,,,, ,,
1,75.46,81.9,-92.31,12.63,20.93,-15.04,F42PC99,PC,5.0,0.50,4,,,,0.61,,61.275123
1,75.52,82.0,-91.71,13.65,15.83,-12.98,F42PC99,,, ,,,,, ,,
1,72.94,79.67,-89.36,-24.66,27.23,-77.14,F42I118,I,3.0,0.30,3,,,,0.38,,6.56019
1,72.63,79.47,-89.27,-30.11,26.1,-81.74,F42I118,,, ,,,,, ,,
1,71.34,86.05,-86.64,-85.01,-40.91,-12.12,F42I119,I,5.0,0.50,5,,,,0.35,,24.206364
1,71.25,86.37,-86.52,-84.98,-42.64,-12.3,F42I119,,, ,,,,, ,,
1,71.42,86.03,-86.58,-5.4,56.06,-71.66,F42PC100,PC,7.0,0.70,4,,,,0.69,,84.641193
1,71.41,86.66,-86.29,-1.44,55.49,-68.34,F42PC100,,, ,,,,, ,,
1,68.55,80.43,-78.81,-89.96,-19.62,-14.38,F42IF67,IF,5.0,0.50,5,,,35,0.62,,31.444686
1,68.83,80.73,-78.34,-90.4,-20.75,-15.86,F42IF67,,, ,,,,, ,,
1,64.42,79.08,-73.17,-51.83,-12.46,-107.94,F42I120,I,4.0,0.40,4,,,,0.44,,8.240778
1,63.99,79.0,-73.09,-54.68,-14.91,-109.22,F42I120,,, ,,,,, ,,
1,63.94,79.42,-73.01,-98.45,-71.42,-84.41,F42PC101,PC,4.0,0.40,3,,,,0.41,,38.683008
1,63.84,79.73,-72.76,-98.68,-74.39,-83.13,F42PC101,,, ,,,,, ,,
1,64.49,81.71,-70.05,-107.06,-11.14,-4.63,F42IF68,IF,9.0,0.90,6,,,36,0.85,,29.343951
1,65.03,82.06,-69.49,-108.03,-13.09,-2.57,F42IF68,,, ,,,,, ,,
1,64.03,82.34,-70.65,-6.07,37.84,-64.79,F42PC102,PC,6.0,0.60,4,,,,0.55,,76.466754
1,63.91,82.86,-70.77,-0.4,36.59,-64.03,F42PC102,,, ,,,,, ,,
1,61.6,80.55,-65.4,-85.51,3.66,-97.58,F42I121,I,7.0,0.70,6,,,,0.73,,33.936084
1,60.88,80.65,-65.33,-87.39,3.37,-96.16,F42I121,,, ,,,,, ,,
1,62.27,80.9,-62.1,-72.87,18.15,-77.84,F42I122,I,3.0,0.30,2,,,,0.41,,7.429968
1,62.61,80.97,-61.88,-68.1,19.1,-74.33,F42I122,,, ,,,,, ,,
1,60.55,78.82,-58.62,-52.75,-32.36,-126.97,F42IF69,IF,5.0,0.50,4,,,37,0.57,,20.616687
1,60.84,79.18,-58.96,-51.84,-28.05,-125.02,F42IF69,,, ,,,,, ,,
1,60.85,78.89,-58.78,-40.6,-24.84,-68.11,F42PC103,PC,5.0,0.50,3,,,,0.54,,45.707571
1,61.01,78.52,-58.42,-48.7,-25.44,-69.01,F42PC103,,, ,,,,, ,,
1,60.18,82.31,-56.79,-132.07,-6.83,24.76,F42I123,I,5.0,0.50,5,,,,0.44,,23.373441
1,60.25,82.47,-56.39,-132.22,-6.18,24.23,F42I123,,, ,,,,, ,,
1,59.71,82.27,-57.46,-27.54,9.42,-105.78,F42PC104,PC,6.0,0.60,4,,,,0.62,,67.599441
1,59.65,82.86,-57.63,-24.88,10.5,-106.28,F42PC104,,, ,,,,, ,,
1,59.32,82.48,-39.87,-89.9,-23.87,-92.3,F42IF70,IF,10.0,1.00,7,,,38,1.12,,39.036816
1,59.54,83.1,-38.96,-98.1,-36.72,-91.98,F42IF70,,, ,,,,, ,,
1,57.85,79.44,-40.07,57.78,20.15,-12.89,F42PL30,PL,132.0,13.20,8,,,,13.12,,212.417478
1,52.85,74.12,-29.17,50.75,2.23,-27.31,F42PL30,,, ,,,,, ,,
1,69.58,44.81,-154.38,-85.09,62.12,-81.73,F42VL3,VL,43.0,4.30,8,,,,4.30,,84.139965
1,65.42,44.63,-155.45,-101.37,61.64,-94.14,F42VL3,,, ,,,,, ,,
1,52.12,73.61,-114.74,-21.95,44.41,-22.55,F42 IF71,IF,22.0,2.20,8,,,,2.21,,63.368487
1,53.05,75.59,-115.03,-16.43,41.77,-18.88,F42 IF71,,, ,,,,, ,,
1,128.06,26.48,-160.4,-57.37,-30.33,34.36,F48IF72,IF,7.0,0.70,2,,,"2,3",0.66,,23.21865
1,127.62,26.35,-160.87,-60.99,-29.33,34.76,F48IF72,,, ,,,,, ,,
1,128.42,26.21,-159.38,-88.65,-37.84,-3.43,F48PL31,PL,52.0,5.20,6,,,,5.39,,130.68783
1,126.42,29.27,-163.34,-90.68,-42.6,0.95,F48PL31,,, ,,,,, ,,
1,127.42,24.51,-166.31,159.82,13.68,-43.53,F48VC52,VC,3.0,0.30,4,,,,0.37,,50.218623
1,127.43,24.47,-166.68,161.36,16.21,-42.21,F48VC52,,, ,,,,, ,,
1,127.55,25.22,-171.89,-154.04,47.28,1.89,F48VC53,VC,7.0,0.70,9,,,,1.10,,176.262723
1,128.43,25.37,-172.53,-155.63,48.18,-1.37,F48VC53,,, ,,,,, ,,
1,123.11,27.93,-183.64,-143.09,36.33,14.63,F48VC54,VC,5.0,0.50,5,,,,0.76,,71.454474
1,122.98,27.69,-184.35,-144.22,36.72,13.17,F48VC54,,, ,,,,, ,,
1,120.91,30.19,-186.38,-119.8,39.18,56.0,F48VC55,VC,40.0,4.00,12,,,,3.84,,280.186452
1,117.86,31.54,-188.28,-123.55,33.82,59.85,F48VC55,,, ,,,,, ,,
1,121.1,30.2,-187.79,160.66,36.6,2.44,F48VC56,VC,7.0,0.70,4,,,,0.70,,41.447133
1,120.93,29.54,-187.95,167.23,37.74,7.14,F48VC56,,, ,,,,, ,,
1,120.24,31.52,-191.13,176.52,35.83,-5.78,F48VC57,VC,4.0,0.40,5,,,,0.51,,58.2309
1,120.34,32.02,-191.07,176.79,35.95,-4.17,F48VC57,,, ,,,,, ,,
1,119.45,31.16,-193.2,121.03,37.44,-37.53,F48VC58,VC,3.0,0.30,5,,,,0.30,,67.253004
1,119.27,30.92,-193.25,125.08,39.37,-33.26,F48VC58,,, ,,,,, ,,
1,120.91,33.24,-194.14,-176.95,53.54,0.78,F48VC59,VC,3.0,0.30,2,,,,0.29,,15.434874
1,120.91,33.25,-194.43,-176.55,54.27,1.15,F48VC59,,, ,,,,, ,,
1,119.3,34.71,-196.03,-147.94,43.94,18.29,F48VC60,VC,3.0,0.30,3,,,,0.25,,21.073689
1,119.14,34.9,-196.07,-148.77,43.79,19.44,F48VC60,,, ,,,,, ,,
1,118.95,34.9,-197.2,170.92,32.92,44.05,F48VC61,VC,3.0,0.30,3,,,,0.35,,27.398007
1,119.13,34.82,-197.49,173.88,35.39,45.83,F48VC61,,, ,,,,, ,,
1,119.11,34.56,-197.75,-174.89,31.2,-20.29,F48VL4,VL,352.0,35.20,22,,,,34.85,,527.793084
1,113.51,54.36,-225.88,176.74,50.04,-1.42,F48VL4,,, ,,,,, ,,
1,133.64,26.52,-155.73,-156.41,58.82,-8.65,F48VC62,VC,4.0,0.40,6,,,,0.32,,57.972915
1,133.9,26.68,-155.84,-156.34,59.44,-8.11,F48VC62,,, ,,,,, ,,
1,130.82,28.78,-155.62,-61.41,-58.92,-94.98,F48VC63,VC,4.0,0.40,4,,,,0.47,,36.405369
1,130.45,28.59,-155.83,-62.87,-59.62,-95.34,F48VC63,,, ,,,,, ,,
1,133.8,35.26,-161.77,-155.64,33.93,0.31,F48VL5,VL,150.0,15.00,13,,,,14.58,,270.279828
1,135.28,40.55,-175.28,-160.21,51.53,3.8,F48VL5,,, ,,,,, ,,
1,124.91,49.28,-156.51,86.57,-19.72,-32.44,F48VC64,VC,4.0,0.40,6,,,,0.42,,71.557668
1,124.52,49.19,-156.38,90.91,-16.79,-33.64,F48VC64,,, ,,,,, ,,
1,124.33,53.29,-156.95,167.77,34.56,-40.86,F48VC65,VC,11.0,1.10,10,,,,1.38,,159.611634
1,124.76,53.92,-158.1,163.74,38.67,-43.2,F48VC65,,, ,,,,, ,,
1,121.52,55.86,-156.45,-148.57,54.13,2.27,F48VC66,VC,8.0,0.80,9,,,,0.58,,163.732023
1,121.06,56.22,-156.46,-150.04,53.31,2.43,F48VC66,,, ,,,,, ,,
1,120.17,57.34,-158.61,178.34,16.02,-7.16,F48VC67,VC,6.0,0.60,6,,,,0.63,,79.45938
1,120.11,57.45,-159.23,170.58,20.32,-10.12,F48VC67,,, ,,,,, ,,
1,121.49,58.13,-157.65,153.41,26.44,-0.95,F48VC68,VC,11.0,1.10,9,,,,1.25,,148.275036
1,122.13,59.2,-157.74,150.85,26.41,0.48,F48VC68,,, ,,,,, ,,
1,120.46,58.15,-158.53,167.19,32.89,-0.85,F48VC69,VC,5.0,0.50,6,,,,0.61,,49.002408
1,121.04,58.23,-158.7,166.48,33.96,-1.3,F48VC69,,, ,,,,, ,,
1,117.71,58.94,-161.01,89.1,-19.69,-56.67,F48VC70,VC,3.0,0.30,4,,,,0.34,,39.206349
1,117.42,58.86,-161.17,89.21,-18.51,-56.85,F48VC70,,, ,,,,, ,,
1,117.17,61.33,-162.33,-123.32,7.15,45.68,F48VL6,VL,314.0,31.40,23,,,,31.06,,476.726796
1,102.68,74.77,-186.29,-113.47,20.3,73.03,F48VL6,,, ,,,,, ,,
1,127.89,47.59,-148.04,-74.0,32.71,-66.35,F48VC71,VC,3.0,0.30,4,,,,0.46,,23.43978
1,128.1,47.94,-147.82,-72.55,34.76,-64.84,F48VC71,,, ,,,,, ,,
1,121.77,50.95,-141.65,13.01,58.13,42.47,NOCODE2603,I*,8.0,0.80,3,,,,1.01,,4.385745
1,121.14,51.53,-142.19,18.89,58.59,50.02,NOCODE2603,,, ,,,,, ,,
1,121.17,51.41,-142.24,-29.45,62.0,4.63,F48PL32,PL,47.0,4.70,9,,,,4.88,,134.653428
1,118.86,54.38,-145.34,-35.0,62.4,-7.22,F48PL32,,, ,,,,, ,,
1,125.05,51.4,-137.02,-65.39,4.77,-85.31,F48VC72,VC,7.0,0.70,6,,,,1.04,,113.749272
1,125.53,52.26,-137.36,-62.8,6.42,-84.32,F48VC72,,, ,,,,, ,,
1,122.32,47.88,-135.45,73.69,-48.73,-5.55,F48IF73,IF,6.0,0.60,2,,,,0.71,,13.076154
1,122.05,47.25,-135.25,75.31,-52.92,-8.98,F48IF73,,, ,,,,"4,5", ,,
1,120.96,54.11,-130.48,-120.94,-42.5,-115.7,F48VC73,VC,7.0,0.70,7,,,,0.76,,118.370889
1,120.42,54.58,-130.73,-113.68,-39.5,-116.21,F48VC73,,, ,,,,, ,,
1,116.23,53.45,-124.84,-45.87,30.86,-3.84,F48VC74,VC,3.0,0.30,2,,,,0.36,,16.474185
1,116.02,53.16,-124.89,-45.71,30.94,-3.19,F48VC74,,, ,,,,, ,,
1,115.74,53.06,-125.99,-105.82,70.56,-69.28,F48VC75,VC,2.0,0.20,3,,,,0.19,,44.159661
1,115.91,53.12,-126.06,-105.76,70.75,-69.54,F48VC75,,, ,,,,, ,,
1,115.81,52.75,-124.89,-13.34,39.37,16.8,F48VC76,VC,9.0,0.90,8,,,,0.79,,188.100549
1,115.33,52.28,-125.3,-12.5,40.37,19.5,F48VC76,,, ,,,,, ,,
1,107.84,56.28,-131.64,-59.84,71.77,-26.2,F48VC77,VC*,24.0,2.40,8,,,,2.66,,167.203764
1,105.66,57.77,-131.31,-62.19,74.05,-28.23,F48VC77,,, ,,,,, ,,
1,98.99,53.07,-130.05,-96.09,-24.48,-41.88,F48VC78,VC,11.0,1.10,10,,,,1.42,,197.572284
1,98.14,52.45,-131.01,-96.54,-17.83,-38.46,F48VC78,,, ,,,,, ,,
1,96.96,55.61,-130.38,-15.53,49.74,57.08,NOCODE2681,I*,5.0,0.50,6,,,,0.47,,47.550321
1,97.03,56.04,-130.55,-8.29,45.0,68.13,NOCODE2681,,, ,,,,, ,,
1,96.5,55.71,-130.79,-5.57,22.83,83.23,F48PL33,PL,40.0,4.00,4,,,,3.94,,44.041725
1,96.18,59.39,-129.42,-1.88,16.89,86.66,F48PL33,,, ,,,,, ,,
1,93.82,54.04,-132.03,-73.63,20.31,-91.42,F48I124,I,7.0,0.70,6,,,,0.59,,45.221085
1,93.33,54.13,-131.72,-73.46,22.09,-90.6,F48I124,,, ,,,,, ,,
1,94.18,55.49,-130.33,-140.62,-58.19,23.03,F48PC105,PC,2.0,0.20,1,,,,0.32,,18.766566
1,93.98,55.26,-130.43,-140.2,-53.14,18.69,F48PC105,,, ,,,,, ,,
1,87.5,57.11,-134.4,157.36,73.27,176.36,F48VC79,VC,3.0,0.30,4,,,,0.41,,68.594526
1,87.18,57.16,-134.15,153.37,73.01,172.78,F48VC79,,, ,,,,, ,,
1,86.07,54.44,-135.82,23.58,57.26,138.99,F48VC80,VC,5.0,0.50,7,,,,0.63,,97.599411
1,85.85,54.02,-136.23,21.88,58.16,138.13,F48VC80,,, ,,,,, ,,
1,81.72,55.85,-136.26,-23.09,69.88,42.69,F48VC81,VC,7.0,0.70,5,,,,0.64,,81.906552
1,81.14,55.68,-136.05,-26.08,69.62,41.83,F48VC81,,, ,,,,, ,,
1,79.62,55.88,-138.2,-80.21,61.58,23.84,F48VC82,VC,7.0,0.70,4,,,,0.86,,61.135074
1,79.51,55.79,-139.05,-77.17,63.3,26.78,F48VC82,,, ,,,,, ,,
1,77.37,55.9,-138.43,-21.09,62.14,82.22,F48VC83,VC,4.0,0.40,2,,,,0.43,,18.641259
1,76.98,55.81,-138.28,-32.05,74.74,56.13,F48VC83,,, ,,,,, ,,
1,75.22,58.17,-139.85,-75.55,23.28,6.13,F48VL7,VL,233.0,23.30,16,,,,23.27,,415.13472
1,57.0,55.96,-154.15,-106.71,14.35,11.19,F48VL7,,, ,,,,, ,,
1,107.9,54.98,-115.5,-87.88,15.54,-89.45,F48VC84,VC,11.0,1.10,8,,,,1.28,,190.599318
1,106.76,55.18,-114.95,-89.44,25.44,-87.45,F48VC84,,, ,,,,, ,,
1,103.73,52.67,-112.87,2.06,20.14,-0.21,F48VC85,VC,3.0,0.30,5,,,,0.34,,44.049096
1,103.75,52.64,-113.21,0.54,20.56,-0.71,F48VC85,,, ,,,,, ,,
1,100.8,47.1,-110.18,-58.3,38.94,-46.54,F48VC86,VC,4.0,0.40,5,,,,0.52,,75.936042
1,100.72,46.9,-109.71,-60.4,42.91,-46.79,F48VC86,,, ,,,,, ,,
1,90.04,38.22,-108.11,-67.02,20.54,-20.09,F48VC87,VC,8.0,0.80,7,,,,1.10,,153.014589
1,89.64,37.36,-108.66,-79.93,6.65,-26.48,F48VC87,,, ,,,,, ,,
1,87.94,38.22,-107.37,-67.73,19.13,-5.57,F48VC88,VC,4.0,0.40,4,,,,0.54,,53.314443
1,87.51,38.2,-107.04,-67.39,18.98,-4.2,F48VC88,,, ,,,,, ,,
1,87.52,35.51,-107.24,-56.61,23.03,3.72,F48VC89,VC,20.0,2.00,8,,,,1.82,,200.292183
1,85.76,35.84,-107.56,-45.3,4.12,8.19,F48VC89,,, ,,,,, ,,
1,95.31,60.4,-105.92,23.42,54.17,32.49,F48VC90,VC,3.0,0.30,3,,,,0.31,,37.909053
1,95.04,60.28,-105.83,28.69,53.13,42.67,F48VC90,,, ,,,,, ,,
1,93.22,63.82,-102.38,28.22,10.43,4.42,F48VL8,VL,70.0,7.00,15,,,,7.28,,383.608953
1,89.25,69.8,-103.58,30.79,11.6,1.82,F48VL8,,, ,,,,, ,,
1,98.25,48.04,-105.36,-57.0,50.14,-16.45,F48VC91,VC,7.0,0.70,7,,,,0.92,,194.999805
1,97.45,47.77,-104.99,-57.6,49.9,-15.35,F48VC91,,, ,,,,, ,,
1,95.56,50.19,-101.07,-127.73,4.19,-101.0,F48VC92,VC,9.0,0.90,6,,,,1.09,,169.923663
1,94.79,50.92,-101.31,-113.18,16.14,-95.45,F48VC92,,, ,,,,, ,,
1,94.45,49.41,-99.7,-92.57,52.22,-27.75,F48VC93,VC,2.0,0.20,1,,,,0.14,,4.953312
1,94.34,49.33,-99.69,-92.88,51.95,-27.97,F48VC93,,, ,,,,, ,,
1,92.46,49.51,-100.16,-89.79,74.95,-66.66,F48VC94,VC,3.0,0.30,2,,,,0.43,,22.319388
1,92.13,49.26,-100.27,-92.63,74.98,-68.09,F48VC94,,, ,,,,, ,,
1,92.44,49.02,-97.7,-96.67,-15.57,-19.03,F48VC95,VC,10.0,1.00,8,,,,0.91,,192.626343
1,91.65,48.8,-97.3,-98.19,-15.46,-17.48,F48VC95,,, ,,,,, ,,
1,94.91,50.22,-90.84,37.59,48.08,105.97,F48VC96,VC,3.0,0.30,5,,,,0.28,,72.294768
1,94.73,50.43,-90.82,38.78,47.18,107.71,F48VC96,,, ,,,,, ,,
1,93.04,49.48,-83.82,-154.76,8.78,-95.74,F48VC97,VC,3.0,0.30,2,,,,0.44,,22.378356
1,93.4,49.23,-83.8,-151.26,11.17,-92.97,F48VC97,,, ,,,,,,,
1,92.57,49.52,-82.63,-122.31,7.7,-36.37,F48VC98,VC,6.0,0.60,6,,,,0.63,,145.591992
1,92.0,49.27,-82.51,-123.81,7.1,-38.52,F48VC98,,, ,,,,, ,,
1,134.79,56.31,-153.17,-159.29,18.65,-32.43,F48I125,I,8.0,0.80,2,R7,,,0.84,,7.938567
1,134.69,56.69,-153.91,-159.87,19.85,-31.62,F48I125,,, ,,,,, ,,
1,134.29,55.8,-153.65,158.7,21.35,-4.57,F48PC106,PC,4.0,0.40,3,,,,0.57,,36.92871
1,134.43,55.94,-154.18,159.76,23.34,-2.28,F48PC106,,, ,,,,, ,,
1,134.34,56.73,-153.82,-169.06,20.52,-36.16,F48PL35,PL,120.0,12.00,8,,,,11.32,,213.523128
1,132.59,65.96,-160.14,-165.59,41.87,-2.41,F48PL35,,, ,,,,,,,
1,131.1,70.53,-141.28,166.36,28.06,-13.81,F48VC99,VC,3.0,0.30,5,,,,0.28,,39.825513
1,131.16,70.8,-141.24,164.02,28.18,-15.33,F48VC99,,, ,,,,,,,
1,130.01,73.96,-141.6,178.11,10.6,-1.34,F48VC100,VC,6.0,0.60,6,,,,0.80,,113.557626
1,129.96,74.76,-141.56,172.85,11.91,-3.12,F48VC100,,, ,,,,,,,
1,128.04,73.96,-143.15,-177.51,4.83,2.02,F48VC101,VC,4.0,0.40,3,,,,0.60,,46.076121
1,127.81,74.38,-143.51,-177.5,7.57,3.15,F48VC101,,, ,,,,,,,
1,126.36,73.65,-144.58,173.45,3.22,-4.86,F48I126,I,6.0,0.60,5,,,"6,7",0.73,,28.45206
1,125.71,73.72,-144.9,173.77,4.14,-4.27,F48I126,,, ,,,,,,,
1,130.5,76.56,-138.89,155.98,24.75,-20.55,F48VC102,VC,4.0,0.40,6,,,,0.58,,85.488858
1,130.66,76.19,-138.47,157.97,23.76,-16.48,F48VC102,,, ,,,,,,,
1,134.25,79.16,-139.81,173.4,7.03,58.75,F48VC103,VC,2.0,0.20,2,,,,0.41,,10.297287
1,133.87,79.22,-139.95,-178.76,13.2,59.7,F48VC103,,, ,,,,,,,
1,136.4,79.17,-140.48,78.62,-23.62,-70.2,F48VL9,VL,183.0,18.30,15,,,,18.19,,400.105251
1,151.93,84.46,-148.34,78.19,-3.51,-47.4,F48VL9,,, ,,,,,,,
1,128.91,80.46,-139.19,131.97,45.43,-54.23,F48VC104,VC,3.0,0.30,4,,,,0.15,,40.5405
1,128.99,80.48,-139.06,137.93,44.22,-49.04,F48VC104,,, ,,,,,,,
1,130.82,93.73,-136.2,128.75,28.07,-86.56,F48VC105,VC,10.0,1.00,10,,,,0.87,,158.218515
1,131.53,94.21,-136.32,127.07,29.8,-85.27,F48VC105,,, ,,,,,,,
1,128.99,96.4,-137.49,-175.03,2.51,-19.0,F48VL10,VL,190.0,19.00,18,,,,18.91,,418.267395
1,125.74,104.46,-154.28,-168.86,20.16,-4.96,F48VL10,,, ,,,,,,,
1,127.92,99.32,-135.33,162.82,30.91,-37.41,F48VC106,VC,24.0,2.40,10,,,,2.05,,194.380641
1,126.66,100.7,-134.49,159.13,29.2,-40.94,F48VC106,,, ,,,,,,,
1,129.51,102.13,-135.82,-164.68,46.48,-6.07,F48VC107,VC,4.0,0.40,4,,,,0.66,,33.073677
1,129.84,102.01,-136.38,-162.77,47.81,-4.27,F48VC107,,, ,,,,,,,
1,127.58,105.39,-134.54,-172.78,-9.72,-21.86,F48IF74,IF,8.0,0.80,4,,,8,0.68,,22.03929
1,127.66,106.03,-134.77,-109.0,-13.41,47.73,F48IF74,,, ,,,,,,,
1,127.33,106.08,-134.6,-164.32,3.49,-4.84,F48PC107,PC,28.0,2.80,4,,,,2.82,,77.46921
1,126.06,108.33,-133.47,-163.97,4.61,1.03,F48PC107,,, ,,,,,,,
1,128.27,108.0,-132.86,131.37,25.46,-39.03,F48PC108,PC,30.0,3.00,5,,,,2.92,,98.609238
1,129.92,108.67,-130.54,128.33,23.54,-40.84,F48PC108,,, ,,,,,,,
1,128.72,110.67,-133.71,121.4,-13.32,-72.47,F48IF76,IF,8.0,0.80,4,,9.0,,1.08,,40.260402
1,129.38,111.49,-133.95,119.28,-12.63,-72.35,F48IF76,,, ,,,,,,,
1,127.27,119.35,-128.33,-158.06,39.62,36.39,F48VC108,VC,3.0,0.30,3,,,,0.31,,28.282527
1,127.23,119.48,-128.05,-158.09,38.6,37.49,F48VC108,,, ,,,,,,,
1,128.45,122.47,-128.12,112.94,53.8,-87.61,F48VC109,VC,8.0,0.80,6,,,,0.71,,108.611685
1,129.12,122.71,-128.13,111.27,54.14,-87.84,F48VC109,,, ,,,,,,,
1,126.61,124.92,-126.3,89.44,83.97,118.08,F48VC110,VC,8.0,0.80,5,,,PC1LUMI7RE,1.24,,46.002411
1,126.33,125.67,-127.25,91.61,78.17,124.5,F48VC110,,, ,,,,,,,
1,128.3,126.73,-123.86,76.49,68.68,70.52,F48VC111,VC,6.0,0.60,6,,,,0.86,,102.390561
1,128.24,126.54,-123.02,71.09,68.87,66.99,F48VC111,,, ,,,,,,,
1,127.71,129.47,-124.66,-10.1,22.37,54.5,F48VL11,VL,50.0,5.00,11,,,,4.73,,185.107923
1,130.68,132.79,-126.25,-11.29,33.39,48.32,F48VL11,,, ,,,,,,,
1,126.18,132.46,-122.49,-134.01,81.34,-120.14,F48VC112,VC,8.0,0.80,6,,,,1.01,,74.911473
1,125.5,133.2,-122.48,-151.32,79.39,-139.11,F48VC112,,, ,,,,,,,
1,126.93,134.73,-120.65,11.02,45.91,66.83,F48VC113,VC,3.0,0.30,2,,,,0.20,,18.073692
1,127.02,134.89,-120.73,11.83,45.74,67.2,F48VC113,,, ,,,,,,,
1,127.53,135.43,-118.18,36.24,57.66,52.75,F48VL12,VL,252.0,25.20,18,,,,25.82,,538.046145
1,127.81,159.32,-108.4,-9.61,56.34,-49.42,F48VL12,,, ,,,,,,,
1,137.59,52.18,-126.18,170.1,39.95,18.8,F48IF77,IF,8.0,0.80,2,R8,,"10,11",0.78,,18.022095
1,137.2,52.21,-125.51,174.9,38.2,27.85,F48IF77,,, ,,,,,,,
1,137.35,52.61,-126.03,-130.66,17.25,83.2,F48PC110,PC,3.0,0.30,3,,,,0.27,,41.447133
1,137.22,52.82,-126.14,-131.3,18.19,82.13,F48PC110,,, ,,,,,,,
1,136.78,51.79,-125.81,95.68,48.01,-35.34,F48PL36,PL,114.0,11.40,8,,,,11.26,,217.66563
1,128.54,52.95,-118.22,99.79,28.33,-42.23,F48PL36,,, ,,,,,,,
1,139.81,62.14,-125.94,143.44,46.08,-57.78,F48IF78,IF,5.0,0.50,5,,,12,0.50,,31.687929
1,139.46,62.46,-125.78,141.86,48.49,-55.0,F48IF78,,, ,,,,,,,
1,139.28,61.41,-124.89,-24.77,-25.22,59.4,F48PL37,PL,44.0,4.40,7,,,,4.79,,211.370796
1,135.45,63.09,-122.55,-32.35,-33.69,62.45,F48PL37,,, ,,,,,,,
1,133.12,58.76,-116.5,-90.81,39.89,106.71,F48VL13,VL,43.0,4.30,9,,,,4.64,,257.697531
1,128.79,60.21,-117.31,-106.51,41.22,94.39,F48VL13,,, ,,,,,,,
1,136.85,53.34,-112.83,-170.37,26.95,23.04,F48I127,I,10.0,1.00,3,,,,0.92,,24.655995
1,136.91,52.65,-112.22,-169.29,26.83,22.81,F48I127,,, ,,,,,,,
1,137.26,52.89,-112.11,-161.97,26.07,35.66,F48PL38,PL,77.0,7.70,6,,,,7.63,,127.466703
1,138.41,47.31,-107.04,-161.12,22.33,27.63,F48PL38,,, ,,,,,,,
1,136.06,62.97,-101.64,44.92,-34.01,-67.2,F48I128,I,6.0,0.60,4,,,"14,15",0.73,,29.04174
1,135.47,63.37,-101.49,53.15,-37.41,-76.53,F48I128,,, ,,,,,,,
1,135.55,62.52,-101.36,55.94,-25.29,-76.87,F48PC111,PC,22.0,2.20,5,,,F41604,2.54,,116.211186
1,133.14,62.74,-102.13,60.34,-23.29,-80.16,F48PC111,,, ,,,,,,,
1,142.37,59.02,-99.92,-147.75,59.33,80.43,F48VC114,VC,6.0,0.60,7,,,,0.73,,159.773796
1,142.53,58.31,-99.96,-144.56,59.03,82.68,F48VC114,,, ,,,,,,,
1,136.39,59.43,-96.36,6.69,61.49,156.29,F48PC112,PC,8.0,0.80,2,,,PC1OMBRE,0.88,,28.695303
1,135.55,59.23,-96.53,4.84,66.01,154.48,F48PC112,,, ,,,,,,,
1,141.92,64.06,-91.49,96.84,41.94,9.47,F48PL39,PL,68.0,6.80,8,,,,6.47,,171.677961
1,139.95,69.45,-88.51,36.8,23.68,-130.0,F48PL39,,, ,,,,,,,
1,138.54,60.92,-88.76,57.04,10.49,-148.68,F48VC115,VC,2.0,0.20,4,,,,0.18,,49.208796
1,138.63,61.02,-88.88,56.71,12.76,-148.57,F48VC115,,, ,,,,,,,
1,141.83,59.98,-85.13,166.78,51.91,-13.13,F48I130,I,5.0,0.50,3,,,,0.56,,17.535609
1,141.98,60.51,-85.21,165.57,52.08,-12.41,F48I130,,, ,,,,,,,
1,141.79,60.32,-84.8,156.21,54.02,-5.53,F48PC113,PC,30.0,3.00,3,,,PC2OMBRE,3.00,,51.943437
1,141.17,62.7,-83.09,-176.31,38.6,31.19,F48PC113,,, ,,,,,,,
1,140.26,57.81,-81.49,69.41,35.44,-104.63,F48VC116,VC,2.0,0.20,1,,,,0.38,,6.19164
1,140.11,58.15,-81.39,72.54,38.16,-100.67,F48VC116,,, ,,,,,,,
1,140.3,58.08,-77.61,153.17,45.55,32.49,F48VC117,VC,3.0,0.30,3,,,,0.34,,27.213732
1,140.33,57.98,-77.29,155.93,44.17,35.7,F48VC117,,, ,,,,,,,
1,140.48,56.86,-74.9,147.11,45.03,-2.53,F48IF80,IF,7.0,0.70,4,,,18,0.77,,17.167059
1,140.12,56.95,-74.23,147.36,44.03,-1.33,F48IF80,,, ,,,,,,,
1,140.25,58.21,-74.35,162.11,40.48,20.02,F48PC114,PC,3.0,0.30,3,,,,0.25,,64.27512
1,140.15,58.34,-74.16,162.57,40.29,20.21,F48PC114,,, ,,,,,,,
1,140.14,59.28,-74.28,149.87,29.56,6.01,F48PC115,PC,13.0,1.30,4,,,,1.27,,92.852487
1,140.99,59.96,-73.62,147.12,27.31,12.41,F48PC115,,, ,,,,,,,
1,155.23,73.88,-120.36,105.43,41.96,-47.89,F48VC118,VC,2.0,0.20,2,R9,,,0.43,,9.832914
1,155.64,73.8,-120.48,104.77,42.12,-47.39,F48VC118,,, ,,,,,,,
1,156.26,77.16,-118.02,-166.27,36.01,31.08,F48VC119,VC,15.0,1.50,11,,,,1.63,,148.437198
1,156.51,78.52,-117.15,-167.97,35.43,39.67,F48VC119,,, ,,,,,,,
1,161.44,75.27,-117.07,86.91,-14.73,-71.46,F48VC120,VC,6.0,0.60,7,,,,0.79,,84.309498
1,162.18,75.54,-117.07,85.2,-13.57,-70.99,F48VC120,,, ,,,,,,,
1,161.91,74.18,-116.41,71.21,18.96,-73.81,F48VC121,VC,4.0,0.40,5,,,,0.61,,80.881983
1,162.24,73.72,-116.19,70.41,18.97,-74.04,F48VC121,,, ,,,,,,,
1,154.61,77.03,-114.42,126.43,24.88,-0.78,F48VC122,VC,3.0,0.30,1,R10,,,0.38,,16.481556
1,154.93,76.83,-114.41,122.74,26.37,-5.91,F48VC122,,, ,,,,,,,
1,155.08,87.0,-105.02,161.66,1.91,-129.02,F48VL15,VL,135.0,13.50,16,R11,,,13.05,,457.481115
1,155.7,99.43,-101.11,150.51,10.72,-107.14,F48VL15,,, ,,,,,,,
1,158.0,84.28,-108.11,138.96,27.48,-30.27,F48VL16,VL,194.0,19.40,18,,,,19.94,,536.350815
1,167.26,93.48,-123.19,146.19,27.99,-4.87,F48VL16,,, ,,,,,,,
1,155.87,83.93,-101.9,86.48,64.0,0.64,F48VC123,VC,3.0,0.30,6,R12,,,0.42,,73.945872
1,156.16,84.23,-101.95,85.06,65.35,-1.02,F48VC123,,, ,,,,, ,,
1,156.68,86.12,-86.38,105.68,59.52,-2.53,F48IF81,IF,8.0,0.80,2,R13,,19,1.05,,14.800968
1,156.38,86.42,-85.42,106.09,56.51,5.25,F48IF81,,, ,,,,,,,
1,157.17,85.36,-85.39,136.61,50.83,45.68,F48PC116,PC,4.0,0.40,5,,,,0.75,,92.049048
1,156.71,85.62,-84.86,139.17,48.57,46.84,F48PC116,,, ,,,,,,,
1,159.87,87.4,-80.56,119.65,49.2,6.39,F48IF82,IF,6.0,0.60,2,R14,,20,0.59,,15.656004
1,160.09,87.95,-80.53,117.69,48.67,4.56,F48IF82,,, ,,,,,,,
1,160.44,87.35,-80.53,125.26,49.37,23.67,F48PL40,PL,60.0,6.00,7,,,,5.93,,199.555083
1,166.13,89.02,-80.61,104.61,52.51,10.32,F48PL40,,, ,,,,,,,
1,159.85,84.56,-65.73,45.47,19.58,-102.5,F48i131,I,6.0,0.60,3,R15,,,0.46,,25.511031
1,160.21,84.64,-66.01,44.85,22.02,-100.5,F48i131,,, ,,,,,,,
1,159.48,85.25,-66.49,96.64,42.03,-19.9,F48PC117,PC,13.0,1.30,5,,,,1.44,,116.992512
1,160.81,85.65,-66.12,90.54,40.43,-20.05,F48PC117,,, ,,,,,,,
1,160.54,86.37,-64.64,53.33,25.85,-20.49,F48VC124,VC,6.0,0.60,5,R16,,,0.58,,84.781242
1,160.26,86.79,-64.35,57.5,27.52,-16.62,F48VC124,,, ,,,,,,,
1,157.1,83.23,-59.34,134.47,49.24,8.86,F48IF83,IF,5.0,0.50,4,R17,21.0,,0.32,,21.980322
1,157.15,83.5,-59.18,135.66,48.87,10.14,F48IF83,,, ,,,,,,,
1,158.9,84.24,-59.91,89.63,57.83,-33.09,F48PC118,PC,5.0,0.50,3,,,,0.71,,66.987648
1,159.36,84.29,-59.37,84.32,56.36,-33.76,F48PC118,,, ,,,,,,,
1,159.6,87.39,-52.63,105.36,53.28,-22.64,F48VC125,VC,3.0,0.30,5,R18,,,0.55,,64.179297
1,159.65,87.94,-52.62,96.8,52.2,-27.95,F48VC125,,, ,,,,,,,
1,158.22,85.09,-49.32,99.26,53.68,-52.1,F48IF84,IF,5.0,0.50,3,R19,22.0,,0.59,,13.503672
1,157.88,84.9,-48.88,100.2,51.08,-52.72,F48IF84,,, ,,,,,,,
1,158.42,85.66,-49.25,104.37,56.58,-44.39,F48PC119,PC,4.0,0.40,3,,,,0.59,,60.552765
1,158.44,86.25,-49.3,95.84,50.29,-54.37,F48PC119,,, ,,,,,,,
1,161.43,87.5,-44.9,166.88,64.34,14.04,F48VC126,VC,16.0,1.60,7,R20,,,1.71,,173.800809
1,161.84,89.16,-44.9,149.52,63.37,4.57,F48VC126,,, ,,,,,,,
1,161.06,88.74,-38.18,72.99,52.18,-70.09,F48VC127,VC,12.0,1.20,8,R21,,,0.98,,123.206265
1,161.13,89.44,-37.5,70.74,56.93,-65.66,F48VC127,,, ,,,,,,,
1,162.83,86.49,-36.56,69.15,13.43,-68.58,F48VC128,VC,30.0,3.00,6,R22,,,3.38,,145.311894
1,163.69,85.6,-33.41,67.85,12.5,-65.62,F48VC128,,, ,,,,,,,
1,118.77,21.72,-153.98,-19.53,-0.65,74.68,F48VC129,VC,4.0,0.40,2,R1,,,0.49,,23.73462
1,118.97,22.16,-153.92,-13.88,0.34,74.14,F48VC129,,, ,,,,,,,
1,116.84,21.23,-154.23,-75.13,-8.6,-28.92,F48VC130,VC,2.0,0.20,2,,,,0.20,,11.64618
1,116.85,21.05,-154.15,-83.28,-2.52,-26.25,F48VC130,,, ,,,,,,,
1,110.16,18.82,-158.54,-46.08,35.64,-53.11,F48VC131,VC,10.0,1.00,6,,,,0.89,,112.761558
1,109.79,18.17,-159.03,-56.56,39.13,-58.93,F48VC131,,, ,,,,,,,
1,106.34,21.2,-161.22,-106.31,20.66,-78.47,F48VC132,VC,10.0,1.00,8,,,,1.14,,146.985111
1,105.45,21.83,-160.88,-106.47,23.42,-71.86,F48VC132,,, ,,,,,,,
1,103.79,14.34,-164.9,-23.78,28.42,3.45,F48VC133,VC,9.0,0.90,7,,,,1.01,,165.788532
1,103.42,13.54,-165.4,-22.75,28.09,6.87,F48VC133,,, ,,,,,,,
1,104.68,19.96,-166.95,-61.03,22.89,-4.75,F48VL17,VL,70.0,7.00,13,,,,6.94,,249.641028
1,104.55,18.21,-173.66,-68.02,31.92,2.07,F48VL17,,, ,,,,,,,
1,94.13,14.7,-176.25,-51.83,31.97,-3.0,F48VC134,VC,6.0,0.60,6,,,,0.63,,92.550276
1,93.51,14.6,-176.19,-51.26,32.08,-0.3,F48VC134,,, ,,,,,,,
1,94.36,18.76,-178.35,-59.84,36.71,9.14,F48VL18,VL,40.0,4.00,10,,,,4.35,,225.766359
1,94.58,20.14,-182.47,-56.61,32.64,22.69,F48VL18,,, ,,,,,,,
1,85.55,16.21,-187.13,-29.07,11.74,33.55,F48IF85,IF,10.0,1.00,3,,1.0,,1.13,,24.353784
1,85.48,17.19,-187.68,-31.43,18.42,22.94,F48IF85,,, ,,,,,,,
1,86.76,17.46,-188.12,-39.08,24.89,-17.69,F48PL41,PL,84.0,8.40,8,,,,8.61,,152.277489
1,83.33,21.14,-195.11,-39.21,36.77,-4.17,F48PL41,,, ,,,,,,,
1,81.74,14.43,-192.04,-175.45,4.3,36.36,F48VC135,VC,3.0,0.30,2,,,,0.47,,28.990143
1,81.58,14.44,-192.48,-174.57,6.2,34.28,F48VC135,,, ,,,,,,,
1,78.87,15.06,-193.35,-122.44,33.5,-72.25,F48VL19,VL,350.0,35.00,21,,,,35.50,,434.033964
1,70.54,39.92,-217.28,-130.11,50.35,-26.08,F48VL19,,, ,,,,,,,
1,75.94,11.71,-195.69,-66.52,21.97,8.16,F48VL20,VL,118.0,11.80,15,,,,11.50,,333.810477
1,67.21,5.76,-200.23,-75.61,21.48,19.77,F48VL20,,, ,,,,,,,
1,71.45,11.16,-203.47,-88.06,42.55,-4.74,F48VC136,VC,7.0,0.70,7,,,,0.80,,90.655929
1,70.94,11.06,-204.08,-89.48,42.85,-3.12,F48VC136,,, ,,,,,,,
1,67.5,7.02,-207.6,-68.76,25.43,13.22,F48VC137,VC,3.0,0.30,2,,,,0.27,,18.899244
1,67.41,7.13,-207.83,-69.11,26.42,11.92,F48VC137,,, ,,,,,,,
1,64.72,8.62,-208.44,-116.57,16.97,-46.74,F48VC138,VC,3.0,0.30,2,,,,0.35,,35.97048
1,64.41,8.48,-208.53,-117.77,16.74,-47.05,F48VC138,,, ,,,,,,,
1,63.25,5.87,-209.77,-159.16,-29.04,-100.25,F48VC139,VC,6.0,0.60,4,,,,0.80,,64.592073
1,63.29,5.11,-210.0,-153.19,-21.81,-99.59,F48VC139,,, ,,,,,,,
1,63.47,6.85,-211.87,-129.28,14.21,-55.59,F48VC140,VC,7.0,0.70,5,,,,0.78,,78.368472
1,62.84,7.12,-212.24,-129.47,15.49,-54.05,F48VC140,,, ,,,,,,,
1,61.19,5.39,-213.8,-82.04,31.0,5.79,F48VC141,VC,4.0,0.40,4,,,,0.54,,34.238295
1,61.1,4.87,-213.93,-83.21,30.97,5.68,F48VC141,,, ,,,,,,,
1,58.96,1.85,-215.25,-92.69,19.02,-23.87,F48VL21,VL,324.0,32.40,22,,,,32.05,,535.149342
1,45.48,-12.76,-240.39,-97.35,39.28,-14.85,F48VL21,,, ,,,,,,,
